date,BTC,ETH,XRP
2019-01-01,3701.23,131.45,0.34864
2019-01-02,3796.45,139.1,0.36057
2019-01-03,3857.57,152.01,0.3686
2019-01-04,3767.2,146.3,0.35255
2019-01-05,3790.09,152.08,0.35303
2019-01-06,3771.12,152.83,0.34851
2019-01-07,3987.62,153.89,0.36042
2019-01-08,3976.76,149.29,0.36015
2019-01-09,3955.45,147.62,0.36073
2019-01-10,3966.06,148.11,0.36479
2019-01-11,3585.88,124.96,0.32464
2019-01-12,3601.31,124.67,0.3258
2019-01-13,3584.1,123.35,0.32554
2019-01-14,3477.56,114.17,0.31139
2019-01-15,3626.08,126.95,0.3286
2019-01-16,3553.06,118.93,0.32154
2019-01-17,3591.84,121.49,0.3258
2019-01-18,3613.32,121.56,0.32468
2019-01-19,3594.87,119.16,0.32042
2019-01-20,3665.75,122.61,0.32672
2019-01-21,3539.26,117.56,0.31697
2019-01-22,3526.88,115.62,0.31766
2019-01-23,3570.41,117.8,0.31762
2019-01-24,3552.97,116.4,0.31422
2019-01-25,3569.07,116.4,0.31584
2019-01-26,3566.69,115.13,0.314
2019-01-27,3565.62,115.32,0.3126
2019-01-28,3550.05,112.04,0.30653
2019-01-29,3434.0,105.49,0.29223
2019-01-30,3410.04,104.41,0.28694
2019-01-31,3457.5,108.29,0.32118
2019-02-01,3434.1,106.47,0.3092
2019-02-02,3462.2,106.71,0.30628
2019-02-03,3504.06,110.41,0.31042
2019-02-04,3458.11,107.33,0.30204
2019-02-05,3463.22,107.65,0.29932
2019-02-06,3471.57,107.28,0.29972
2019-02-07,3407.0,104.49,0.28934
2019-02-08,3398.4,104.48,0.29146
2019-02-09,3660.27,119.32,0.31195
2019-02-10,3665.18,119.19,0.31218
2019-02-11,3679.75,125.12,0.30985
2019-02-12,3631.05,120.88,0.30243
2019-02-13,3631.51,122.4,0.3051
2019-02-14,3608.34,121.86,0.30387
2019-02-15,3590.57,120.47,0.30082
2019-02-16,3602.49,121.66,0.30195
2019-02-17,3617.22,122.67,0.30084
2019-02-18,3667.62,133.77,0.3031
2019-02-19,3897.35,145.69,0.32188
2019-02-20,3907.35,143.45,0.3225
2019-02-21,3969.74,148.42,0.33139
2019-02-22,3937.31,145.68,0.32064
2019-02-23,3962.0,147.4,0.32102
2019-02-24,4118.0,157.75,0.33201
2019-02-25,3743.56,132.1,0.29757
2019-02-26,3828.44,137.88,0.3274
2019-02-27,3809.31,136.22,0.31663
2019-02-28,3818.04,135.03,0.31054
2019-03-01,3814.26,135.32,0.31386
2019-03-02,3822.17,135.32,0.31565
2019-03-03,3819.97,132.54,0.31389
2019-03-04,3807.32,130.6,0.31115
2019-03-05,3716.1,125.68,0.30197
2019-03-06,3857.58,136.71,0.31473
2019-03-07,3861.84,137.37,0.31628
2019-03-08,3873.63,136.82,0.31324
2019-03-09,3864.88,133.51,0.3078
2019-03-10,3943.43,137.27,0.31395
2019-03-11,3915.99,135.37,0.31279
2019-03-12,3871.61,132.67,0.30991
2019-03-13,3882.69,133.62,0.3103
2019-03-14,3866.0,131.69,0.31345
2019-03-15,3877.12,132.24,0.31131
2019-03-16,3924.46,136.6,0.31485
2019-03-17,4005.98,140.94,0.31866
2019-03-18,3981.85,138.67,0.31546
2019-03-19,3987.83,137.62,0.31451
2019-03-20,4017.48,138.56,0.31581
2019-03-21,4043.04,139.04,0.3178
2019-03-22,3980.85,134.85,0.30965
2019-03-23,3987.89,135.92,0.31041
2019-03-24,4006.01,137.28,0.31174
2019-03-25,3991.35,136.12,0.30792
2019-03-26,3935.47,133.97,0.30296
2019-03-27,3948.77,134.14,0.303
2019-03-28,4039.58,139.46,0.30986
2019-03-29,4028.22,137.85,0.30603
2019-03-30,4104.24,143.25,0.30775
2019-03-31,4106.99,142.44,0.31092
2019-04-01,4102.44,141.41,0.30889
2019-04-02,4144.54,141.24,0.31249
2019-04-03,4857.19,163.26,0.3505
2019-04-04,4932.59,159.96,0.34022
2019-04-05,4898.64,157.33,0.32996
2019-04-06,5004.96,164.84,0.36118
2019-04-07,5042.07,165.56,0.35267
2019-04-08,5170.27,174.29,0.36149
2019-04-09,5238.38,178.71,0.35558
2019-04-10,5150.0,174.58,0.34728
2019-04-11,5307.86,177.12,0.3535
2019-04-12,5017.37,164.06,0.3271
2019-04-13,5047.0,163.2,0.32314
2019-04-14,5047.45,162.99,0.32459
2019-04-15,5131.28,167.21,0.32761
2019-04-16,5024.95,159.91,0.31889
2019-04-17,5173.72,165.41,0.324
2019-04-18,5202.41,165.75,0.33435
2019-04-19,5258.44,173.34,0.33525
2019-04-20,5258.68,172.66,0.33008
2019-04-21,5292.91,172.89,0.32673
2019-04-22,5257.41,168.59,0.31972
2019-04-23,5357.14,170.52,0.32232
2019-04-24,5490.91,169.15,0.31802
2019-04-25,5415.0,164.78,0.29971
2019-04-26,5220.47,154.7,0.29162
2019-04-27,5315.0,157.93,0.3034
2019-04-28,5295.69,159.32,0.29942
2019-04-29,5309.81,157.86,0.29948
2019-04-30,5238.14,155.14,0.29313
2019-05-01,5321.94,161.85,0.30855
2019-05-02,5383.2,160.2,0.30313
2019-05-03,5494.81,161.82,0.30206
2019-05-04,5770.62,168.1,0.30792
2019-05-05,5829.83,163.71,0.30293
2019-05-06,5773.18,163.05,0.30044
2019-05-07,5749.92,172.98,0.30284
2019-05-08,5846.34,169.07,0.29843
2019-05-09,5986.66,170.88,0.29957
2019-05-10,6209.95,170.96,0.29475
2019-05-11,6375.16,172.92,0.29877
2019-05-12,7076.24,190.2,0.31703
2019-05-13,6968.24,188.07,0.31014
2019-05-14,7795.62,195.83,0.32385
2019-05-15,7945.26,216.4,0.409
2019-05-16,8169.08,248.06,0.45723
2019-05-17,7868.67,264.35,0.41891
2019-05-18,7355.28,244.31,0.38858
2019-05-19,7257.32,233.57,0.37178
2019-05-20,8147.94,259.37,0.41612
2019-05-21,7937.16,250.48,0.39629
2019-05-22,7904.48,253.35,0.39515
2019-05-23,7627.8,243.68,0.37171
2019-05-24,7849.95,244.63,0.37989
2019-05-25,7964.52,248.84,0.38286
2019-05-26,8023.0,250.17,0.38526
2019-05-27,8612.54,264.35,0.40364
2019-05-28,8752.52,270.7,0.4334
2019-05-29,8716.87,271.08,0.44863
2019-05-30,8646.5,268.92,0.44286
2019-05-31,8267.1,254.59,0.41809
2019-06-01,8555.0,267.9,0.43849
2019-06-02,8545.1,264.33,0.42856
2019-06-03,8726.0,268.87,0.44396
2019-06-04,8115.66,250.02,0.41739
2019-06-05,7687.04,241.46,0.3989
2019-06-06,7778.08,245.62,0.39997
2019-06-07,7787.57,248.77,0.41935
2019-06-08,7978.94,248.78,0.41871
2019-06-09,7895.28,243.33,0.40699
2019-06-10,7627.57,231.02,0.38528
2019-06-11,7981.0,246.61,0.39985
2019-06-12,7884.9,244.36,0.39209
2019-06-13,8127.64,261.13,0.40075
2019-06-14,8216.44,254.67,0.39872
2019-06-15,8650.88,262.48,0.40201
2019-06-16,8810.77,267.78,0.40949
2019-06-17,8953.0,267.73,0.42701
2019-06-18,9312.13,273.14,0.44705
2019-06-19,9081.97,264.68,0.42697
2019-06-20,9253.76,268.16,0.43426
2019-06-21,9518.06,271.27,0.42986
2019-06-22,10159.86,294.25,0.44262
2019-06-23,10729.0,310.7,0.47714
2019-06-24,10905.95,308.42,0.47015
2019-06-25,11056.59,311.65,0.47391
2019-06-26,11821.28,318.29,0.46809
2019-06-27,13098.38,339.53,0.46773
2019-06-28,11329.99,298.35,0.41061
2019-06-29,12407.06,310.95,0.426
2019-06-30,11903.13,317.64,0.42597
2019-07-01,10854.1,292.89,0.39637
2019-07-02,10624.9,295.03,0.40694
2019-07-03,10844.98,291.47,0.39787
2019-07-04,11940.0,301.11,0.40458
2019-07-05,11145.67,282.86,0.38722
2019-07-06,10982.41,287.32,0.3787
2019-07-07,11256.45,288.29,0.39031
2019-07-08,11410.0,304.72,0.39651
2019-07-09,12238.6,311.96,0.40072
2019-07-10,12548.51,307.46,0.39361
2019-07-11,12108.11,289.23,0.36141
2019-07-12,11342.88,268.67,0.32888
2019-07-13,11757.22,274.53,0.34336
2019-07-14,11355.78,268.8,0.33214
2019-07-15,10174.18,225.83,0.30366
2019-07-16,10833.78,228.2,0.31287
2019-07-17,9430.17,198.94,0.29545
2019-07-18,9668.86,210.8,0.31032
2019-07-19,10628.64,225.75,0.32035
2019-07-20,10505.78,220.84,0.3187
2019-07-21,10740.27,228.25,0.33269
2019-07-22,10590.15,225.49,0.33059
2019-07-23,10343.08,217.59,0.32135
2019-07-24,9864.78,212.55,0.30877
2019-07-25,9763.4,216.31,0.31547
2019-07-26,9882.15,219.14,0.31332
2019-07-27,9824.0,218.81,0.32303
2019-07-28,9478.92,207.3,0.30966
2019-07-29,9541.54,211.58,0.31217
2019-07-30,9509.07,210.84,0.31004
2019-07-31,9575.0,209.57,0.31811
2019-08-01,10080.53,218.42,0.3195
2019-08-02,10375.0,216.8,0.31554
2019-08-03,10523.75,217.69,0.3117
2019-08-04,10816.86,222.14,0.31595
2019-08-05,10929.99,221.79,0.31823
2019-08-06,11830.0,233.53,0.32232
2019-08-07,11481.69,226.31,0.3116
2019-08-08,11975.04,226.11,0.31093
2019-08-09,11994.17,221.38,0.30823
2019-08-10,11879.98,210.52,0.2965
2019-08-11,11309.24,206.48,0.29907
2019-08-12,11539.08,216.41,0.30316
2019-08-13,11398.35,211.58,0.3006
2019-08-14,10893.36,209.31,0.29795
2019-08-15,10055.16,187.08,0.26346
2019-08-16,10296.77,187.98,0.26392
2019-08-17,10331.15,184.83,0.26029
2019-08-18,10216.05,185.67,0.26535
2019-08-19,10306.17,194.32,0.28321
2019-08-20,10914.73,202.24,0.28195
2019-08-21,10760.51,196.55,0.27432
2019-08-22,10140.82,187.45,0.26589
2019-08-23,10099.9,190.36,0.27038
2019-08-24,10388.16,194.02,0.27663
2019-08-25,10134.61,190.6,0.27149
2019-08-26,10142.69,186.54,0.26961
2019-08-27,10373.6,188.61,0.27051
2019-08-28,10185.69,187.3,0.26955
2019-08-29,9721.0,173.03,0.25614
2019-08-30,9499.01,169.03,0.25712
2019-08-31,9582.76,168.48,0.25541
2019-09-01,9588.74,171.52,0.25747
2019-09-02,9723.59,170.73,0.25596
2019-09-03,10340.0,178.0,0.2606
2019-09-04,10611.85,178.79,0.26252
2019-09-05,10565.92,174.7,0.25843
2019-09-06,10563.13,173.74,0.25616
2019-09-07,10298.71,169.11,0.25115
2019-09-08,10455.9,177.58,0.25989
2019-09-09,10381.24,181.18,0.26205
2019-09-10,10302.58,180.52,0.25869
2019-09-11,10098.19,179.87,0.25855
2019-09-12,10158.75,178.3,0.25515
2019-09-13,10415.01,180.71,0.25404
2019-09-14,10344.13,180.96,0.25536
2019-09-15,10332.81,188.14,0.26125
2019-09-16,10303.34,189.05,0.26015
2019-09-17,10249.68,197.23,0.26103
2019-09-18,10187.48,207.85,0.28553
2019-09-19,10156.41,210.27,0.31344
2019-09-20,10243.7,220.26,0.30064
2019-09-21,10167.92,218.01,0.2936
2019-09-22,9985.15,215.04,0.28964
2019-09-23,10028.05,211.2,0.27656
2019-09-24,9702.2,201.25,0.26787
2019-09-25,8497.55,165.72,0.23282
2019-09-26,8430.05,169.96,0.24567
2019-09-27,8063.49,165.92,0.2423
2019-09-28,8177.47,173.83,0.24209
2019-09-29,8199.38,173.5,0.24165
2019-09-30,8043.04,169.26,0.24024
2019-10-01,8289.97,180.89,0.25659
2019-10-02,8292.67,175.65,0.24787
2019-10-03,8360.0,180.24,0.25248
2019-10-04,8224.43,174.71,0.24687
2019-10-05,8137.09,175.55,0.2525
2019-10-06,8127.55,176.23,0.25325
2019-10-07,7855.3,170.08,0.25551
2019-10-08,8190.82,179.88,0.27584
2019-10-09,8170.79,180.61,0.2774
2019-10-10,8562.15,192.61,0.28089
2019-10-11,8557.82,191.18,0.27021
2019-10-12,8257.95,180.65,0.26741
2019-10-13,8301.98,179.65,0.27232
2019-10-14,8275.24,180.98,0.27729
2019-10-15,8346.86,186.7,0.29722
2019-10-16,8159.3,180.52,0.28859
2019-10-17,7995.02,174.52,0.28334
2019-10-18,8070.71,177.17,0.30166
2019-10-19,7946.89,172.78,0.29404
2019-10-20,7949.87,171.84,0.29144
2019-10-21,8223.35,175.18,0.29393
2019-10-22,8197.28,174.0,0.29186
2019-10-23,8020.06,171.19,0.29041
2019-10-24,7468.47,162.35,0.27307
2019-10-25,7412.41,160.39,0.27597
2019-10-26,8655.88,181.53,0.29839
2019-10-27,9230.0,179.42,0.29351
2019-10-28,9528.23,183.84,0.29825
2019-10-29,9204.45,181.67,0.29443
2019-10-30,9407.62,190.45,0.30192
2019-10-31,9154.02,183.14,0.29471
2019-11-01,9140.86,182.19,0.29459
2019-11-02,9231.4,182.86,0.29148
2019-11-03,9289.85,182.9,0.29456
2019-11-04,9196.46,181.53,0.29024
2019-11-05,9392.4,185.71,0.29863
2019-11-06,9307.73,188.65,0.30062
2019-11-07,9339.16,191.16,0.31016
2019-11-08,9214.0,186.67,0.29068
2019-11-09,8773.74,183.71,0.27546
2019-11-10,8809.18,184.86,0.2799
2019-11-11,9040.16,188.96,0.27899
2019-11-12,8733.36,184.98,0.27423
2019-11-13,8821.91,187.09,0.27224
2019-11-14,8777.54,188.07,0.27207
2019-11-15,8646.38,184.93,0.26795
2019-11-16,8471.62,179.99,0.2607
2019-11-17,8490.74,182.37,0.2622
2019-11-18,8502.87,183.82,0.26316
2019-11-19,8186.5,178.2,0.25174
2019-11-20,8133.83,175.93,0.25398
2019-11-21,8098.56,174.75,0.25022
2019-11-22,7627.79,161.02,0.24345
2019-11-23,7268.23,149.55,0.23004
2019-11-24,7311.1,151.84,0.23409
2019-11-25,6900.23,139.99,0.22011
2019-11-26,7109.99,145.81,0.2173
2019-11-27,7154.75,147.47,0.22054
2019-11-28,7507.9,152.61,0.22408
2019-11-29,7418.52,150.69,0.22312
2019-11-30,7740.99,154.54,0.22997
2019-12-01,7540.63,151.43,0.22549
2019-12-02,7391.5,150.72,0.22471
2019-12-03,7294.42,148.66,0.21904
2019-12-04,7292.71,147.19,0.2195
2019-12-05,7194.59,145.45,0.21398
2019-12-06,7389.0,148.11,0.22118
2019-12-07,7527.8,148.46,0.22554
2019-12-08,7487.31,147.16,0.22702
2019-12-09,7510.11,150.44,0.22913
2019-12-10,7338.64,147.4,0.22435
2019-12-11,7224.15,145.53,0.22256
2019-12-12,7210.0,143.41,0.22103
2019-12-13,7197.76,144.87,0.21837
2019-12-14,7257.37,144.8,0.22055
2019-12-15,7064.14,141.79,0.21605
2019-12-16,7119.6,142.46,0.21735
2019-12-17,6891.44,132.72,0.20547
2019-12-18,6623.84,121.88,0.1831
2019-12-19,7277.83,132.8,0.19573
2019-12-20,7151.31,128.1,0.1878
2019-12-21,7188.01,128.19,0.19508
2019-12-22,7131.59,127.0,0.19134
2019-12-23,7500.71,132.12,0.1965
2019-12-24,7317.3,127.8,0.18958
2019-12-25,7255.77,127.7,0.19069
2019-12-26,7205.01,125.09,0.18864
2019-12-27,7202.0,125.58,0.18924
2019-12-28,7254.77,126.28,0.19003
2019-12-29,7315.36,128.11,0.19321
2019-12-30,7388.43,134.36,0.19651
2019-12-31,7246.0,131.61,0.19327
2020-01-01,7195.24,129.16,0.19285
2020-01-02,7200.77,130.72,0.19304
2020-01-03,6965.49,127.19,0.1875
2020-01-04,7345.0,134.37,0.19331
2020-01-05,7354.19,134.2,0.19305
2020-01-06,7357.64,135.37,0.19453
2020-01-07,7758.9,144.14,0.2231
2020-01-08,8145.92,142.8,0.21334
2020-01-09,8054.72,140.76,0.2075
2020-01-10,7817.74,137.73,0.20375
2020-01-11,8198.86,144.83,0.21277
2020-01-12,8020.01,142.4,0.21121
2020-01-13,8184.97,146.56,0.21536
2020-01-14,8110.34,143.58,0.21134
2020-01-15,8814.64,165.6,0.23455
2020-01-16,8820.01,166.4,0.23367
2020-01-17,8720.15,164.24,0.22899
2020-01-18,8913.27,169.92,0.23922
2020-01-19,8915.09,174.1,0.24357
2020-01-20,8701.72,166.79,0.23554
2020-01-21,8642.35,166.86,0.23314
2020-01-22,8736.04,169.48,0.23738
2020-01-23,8682.77,168.07,0.23733
2020-01-24,8404.52,162.85,0.22584
2020-01-25,8438.99,162.51,0.22219
2020-01-26,8340.01,160.36,0.21946
2020-01-27,8614.39,167.91,0.23121
2020-01-28,8907.57,170.04,0.23078
2020-01-29,9375.34,175.58,0.23912
2020-01-30,9301.57,173.68,0.23538
2020-01-31,9511.52,184.71,0.24376
2020-02-01,9351.71,179.94,0.23947
2020-02-02,9384.41,183.63,0.24146
2020-02-03,9331.59,188.48,0.25094
2020-02-04,9291.35,189.74,0.25447
2020-02-05,9197.02,188.91,0.26742
2020-02-06,9612.03,203.78,0.27782
2020-02-07,9772.0,213.16,0.28325
2020-02-08,9813.87,223.36,0.27951
2020-02-09,9895.04,223.01,0.27731
2020-02-10,10151.72,228.53,0.28255
2020-02-11,9851.74,222.89,0.27342
2020-02-12,10223.08,236.69,0.28092
2020-02-13,10325.33,265.74,0.30427
2020-02-14,10227.78,268.34,0.32718
2020-02-15,10344.36,285.11,0.33585
2020-02-16,9904.46,264.91,0.30729
2020-02-17,9910.7,258.89,0.29248
2020-02-18,9706.0,267.9,0.28741
2020-02-19,10164.78,282.64,0.29834
2020-02-20,9594.65,258.44,0.27466
2020-02-21,9597.21,256.97,0.27094
2020-02-22,9677.05,265.32,0.27424
2020-02-23,9650.85,261.55,0.27462
2020-02-24,9936.4,274.5,0.28298
2020-02-25,9655.52,265.47,0.2703
2020-02-26,9316.48,246.67,0.25218
2020-02-27,8786.0,223.98,0.22917
2020-02-28,8823.25,227.73,0.23854
2020-02-29,8690.8,226.76,0.23658
2020-03-01,8523.61,217.29,0.22897
2020-03-02,8530.3,217.81,0.22699
2020-03-03,8911.18,232.1,0.23968
2020-03-04,8760.07,223.84,0.23433
2020-03-05,8750.99,224.26,0.23449
2020-03-06,9054.64,228.38,0.23907
2020-03-07,9130.89,244.93,0.24475
2020-03-08,8885.25,237.23,0.23624
2020-03-09,8034.76,199.43,0.20387
2020-03-10,7929.87,202.79,0.20946
2020-03-11,7894.57,200.74,0.21181
2020-03-12,7934.58,194.61,0.20824
2020-03-13,4800.01,107.67,0.13536
2020-03-14,5576.05,134.06,0.15875
2020-03-15,5172.48,122.54,0.1459
2020-03-16,5360.33,123.82,0.15306
2020-03-17,5028.86,111.02,0.1411
2020-03-18,5312.64,115.67,0.14691
2020-03-19,5393.26,118.11,0.14749
2020-03-20,6162.05,136.3,0.16458
2020-03-21,6204.57,133.49,0.15705
2020-03-22,6187.04,132.63,0.15798
2020-03-23,5816.05,122.31,0.14774
2020-03-24,6465.25,135.89,0.15853
2020-03-25,6744.69,138.42,0.16229
2020-03-26,6677.42,136.11,0.1617
2020-03-27,6737.27,138.4,0.17591
2020-03-28,6359.11,131.33,0.17271
2020-03-29,6236.65,130.94,0.1754
2020-03-30,5880.5,124.47,0.16279
2020-03-31,6394.45,132.09,0.17109
2020-04-01,6412.14,132.72,0.17359
2020-04-02,6643.36,135.65,0.17497
2020-04-03,6793.86,141.27,0.17828
2020-04-04,6732.97,141.3,0.17956
2020-04-05,6857.41,144.1,0.18114
2020-04-06,6772.78,142.69,0.17927
2020-04-07,7329.9,171.32,0.198
2020-04-08,7197.32,164.62,0.19283
2020-04-09,7360.26,173.15,0.20192
2020-04-10,7283.54,169.56,0.19826
2020-04-11,6858.92,157.81,0.1876
2020-04-12,6876.84,158.33,0.18848
2020-04-13,6903.79,158.56,0.18932
2020-04-14,6838.04,156.28,0.18764
2020-04-15,6868.57,158.46,0.18605
2020-04-16,6621.25,152.74,0.1805
2020-04-17,7101.99,172.31,0.1905
2020-04-18,7026.78,170.61,0.18863
2020-04-19,7248.6,187.4,0.19539
2020-04-20,7121.4,180.02,0.18892
2020-04-21,6828.98,170.21,0.18147
2020-04-22,6841.36,170.73,0.18342
2020-04-23,7125.12,182.7,0.18803
2020-04-24,7483.96,185.57,0.19261
2020-04-25,7505.0,187.6,0.19327
2020-04-26,7539.03,194.21,0.19414
2020-04-27,7693.1,197.39,0.1962
2020-04-28,7773.51,196.33,0.1975
2020-04-29,7738.58,196.24,0.21415
2020-04-30,8778.58,215.4,0.22644
2020-05-01,8620.0,206.07,0.21135
2020-05-02,8825.67,212.01,0.21785
2020-05-03,8972.58,213.89,0.22377
2020-05-04,8894.15,209.86,0.21936
2020-05-05,8871.92,206.47,0.21777
2020-05-06,9021.36,205.3,0.21688
2020-05-07,9143.4,198.92,0.21172
2020-05-08,9986.3,212.01,0.2186
2020-05-09,9800.02,211.32,0.21865
2020-05-10,9539.1,210.09,0.21642
2020-05-11,8722.77,187.62,0.19708
2020-05-12,8562.04,185.8,0.19254
2020-05-13,8810.99,189.77,0.1971
2020-05-14,9309.35,199.61,0.20176
2020-05-15,9791.97,203.29,0.20379
2020-05-16,9315.96,194.87,0.19818
2020-05-17,9380.81,200.44,0.19969
2020-05-18,9681.11,207.02,0.20132
2020-05-19,9733.93,214.92,0.20537
2020-05-20,9775.13,214.6,0.20486
2020-05-21,9511.43,209.99,0.20178
2020-05-22,9067.51,198.72,0.19434
2020-05-23,9170.0,207.36,0.20032
2020-05-24,9179.01,206.6,0.19883
2020-05-25,8718.14,199.9,0.19263
2020-05-26,8900.35,204.22,0.19622
2020-05-27,8841.0,200.92,0.19371
2020-05-28,9204.07,208.29,0.19792
2020-05-29,9575.87,220.24,0.20052
2020-05-30,9426.6,220.63,0.19762
2020-05-31,9697.72,243.71,0.207
2020-06-01,9448.27,231.56,0.20241
2020-06-02,10202.71,248.23,0.21093
2020-06-03,9518.02,237.71,0.20294
2020-06-04,9666.32,244.54,0.20413
2020-06-05,9788.14,243.22,0.20432
2020-06-06,9621.17,240.04,0.20274
2020-06-07,9666.85,241.94,0.2036
2020-06-08,9746.99,244.57,0.20327
2020-06-09,9782.0,246.37,0.20406
2020-06-10,9772.44,243.79,0.20135
2020-06-11,9885.22,247.78,0.20266
2020-06-12,9278.88,230.46,0.18823
2020-06-13,9464.96,237.55,0.19308
2020-06-14,9473.34,238.13,0.19238
2020-06-15,9342.1,231.74,0.19022
2020-06-16,9426.05,230.86,0.19238
2020-06-17,9526.97,235.31,0.19236
2020-06-18,9465.13,233.82,0.19315
2020-06-19,9386.32,231.26,0.18975
2020-06-20,9310.23,229.0,0.18724
2020-06-21,9358.95,228.88,0.18793
2020-06-22,9294.69,228.03,0.18602
2020-06-23,9685.69,243.11,0.18933
2020-06-24,9624.33,243.15,0.18889
2020-06-25,9298.33,234.57,0.18344
2020-06-26,9249.49,232.49,0.18156
2020-06-27,9162.21,229.66,0.18247
2020-06-28,9012.0,220.94,0.1751
2020-06-29,9116.16,224.89,0.17694
2020-06-30,9192.93,227.98,0.17737
2020-07-01,9138.08,225.59,0.17533
2020-07-02,9231.99,230.99,0.17645
2020-07-03,9086.54,226.46,0.17476
2020-07-04,9057.79,224.86,0.17618
2020-07-05,9135.0,229.24,0.1781
2020-07-06,9069.41,227.54,0.17691
2020-07-07,9342.47,241.6,0.18876
2020-07-08,9257.4,239.39,0.18508
2020-07-09,9436.06,246.94,0.20544
2020-07-10,9232.42,241.97,0.20263
2020-07-11,9288.34,241.27,0.19906
2020-07-12,9234.02,239.19,0.20112
2020-07-13,9303.31,242.76,0.20122
2020-07-14,9242.61,239.5,0.19866
2020-07-15,9255.85,240.45,0.19908
2020-07-16,9197.6,238.59,0.19722
2020-07-17,9133.72,233.58,0.19447
2020-07-18,9154.31,232.66,0.19441
2020-07-19,9170.3,235.67,0.19989
2020-07-20,9208.99,239.12,0.19961
2020-07-21,9160.78,236.0,0.19465
2020-07-22,9390.0,245.53,0.19946
2020-07-23,9518.16,263.75,0.20351
2020-07-24,9603.27,275.31,0.20847
2020-07-25,9538.1,279.15,0.20393
2020-07-26,9700.42,305.31,0.21462
2020-07-27,9931.54,311.02,0.21528
2020-07-28,11029.96,321.95,0.22445
2020-07-29,10906.27,316.77,0.23031
2020-07-30,11100.52,317.76,0.24323
2020-07-31,11099.79,334.82,0.24407
2020-08-01,11335.46,346.32,0.25938
2020-08-02,11801.17,387.01,0.29089
2020-08-03,11071.36,372.45,0.28809
2020-08-04,11219.68,385.91,0.31008
2020-08-05,11191.99,389.59,0.30137
2020-08-06,11744.91,400.72,0.30233
2020-08-07,11762.47,394.77,0.30309
2020-08-08,11594.36,379.34,0.29444
2020-08-09,11761.02,397.05,0.29532
2020-08-10,11681.69,390.14,0.28792
2020-08-11,11892.9,395.43,0.29468
2020-08-12,11392.09,378.99,0.28308
2020-08-13,11564.34,387.18,0.28233
2020-08-14,11779.77,424.54,0.2942
2020-08-15,11760.55,438.12,0.29995
2020-08-16,11852.4,432.3,0.2989
2020-08-17,11910.99,433.61,0.3046
2020-08-18,12281.15,430.89,0.31535
2020-08-19,11945.1,421.92,0.3025
2020-08-20,11754.38,407.46,0.28969
2020-08-21,11853.54,415.94,0.29217
2020-08-22,11531.23,387.93,0.27935
2020-08-23,11663.51,395.23,0.28589
2020-08-24,11648.12,390.72,0.2848
2020-08-25,11748.19,407.68,0.2884
2020-08-26,11318.42,382.91,0.27628
2020-08-27,11461.42,385.81,0.27645
2020-08-28,11330.38,383.31,0.26478
2020-08-29,11526.9,395.1,0.27166
2020-08-30,11465.84,398.65,0.27375
2020-08-31,11711.17,428.94,0.28302
2020-09-01,11649.51,433.8,0.28115
2020-09-02,11921.97,475.4,0.29515
2020-09-03,11388.54,439.5,0.27594
2020-09-04,10138.29,381.35,0.24404
2020-09-05,10446.25,385.3,0.25385
2020-09-06,10166.69,335.04,0.23737
2020-09-07,10255.89,352.85,0.23987
2020-09-08,10373.45,353.59,0.24202
2020-09-09,10126.66,337.41,0.23658
2020-09-10,10219.29,350.85,0.239
2020-09-11,10336.86,367.93,0.24302
2020-09-12,10387.89,373.62,0.24252
2020-09-13,10440.67,387.78,0.24749
2020-09-14,10332.84,366.43,0.24214
2020-09-15,10671.77,377.12,0.24562
2020-09-16,10785.23,364.05,0.24331
2020-09-17,10954.01,365.04,0.24682
2020-09-18,10940.0,389.35,0.25208
2020-09-19,10933.4,384.4,0.25065
2020-09-20,11080.64,385.25,0.25112
2020-09-21,10920.28,371.04,0.24657
2020-09-22,10417.22,340.31,0.23104
2020-09-23,10529.61,344.18,0.23301
2020-09-24,10241.46,320.72,0.22164
2020-09-25,10736.33,348.97,0.23277
2020-09-26,10686.57,351.93,0.24154
2020-09-27,10728.59,353.95,0.24147
2020-09-28,10774.26,357.58,0.24329
2020-09-29,10696.11,353.91,0.2411
2020-09-30,10840.58,359.78,0.24286
2020-10-01,10776.59,359.83,0.24172
2020-10-02,10619.13,352.83,0.23813
2020-10-03,10570.4,345.6,0.23387
2020-10-04,10542.07,345.94,0.23274
2020-10-05,10666.62,352.34,0.24794
2020-10-06,10792.2,353.63,0.25034
2020-10-07,10599.65,340.8,0.24549
2020-10-08,10666.4,341.58,0.24871
2020-10-09,10925.44,350.94,0.25141
2020-10-10,11050.64,365.01,0.25293
2020-10-11,11293.22,370.51,0.25401
2020-10-12,11369.02,374.17,0.25545
2020-10-13,11528.24,386.51,0.25602
2020-10-14,11420.57,381.05,0.25658
2020-10-15,11417.89,378.69,0.24906
2020-10-16,11505.13,377.63,0.24584
2020-10-17,11319.24,365.5,0.24014
2020-10-18,11360.31,368.31,0.24059
2020-10-19,11503.14,378.12,0.2422
2020-10-20,11751.46,379.3,0.24557
2020-10-21,11910.0,368.53,0.24324
2020-10-22,12780.75,390.31,0.2508
2020-10-23,12968.84,413.94,0.25703
2020-10-24,12923.06,409.19,0.25472
2020-10-25,13111.73,412.14,0.2562
2020-10-26,13029.64,405.85,0.25313
2020-10-27,13052.15,392.52,0.24811
2020-10-28,13636.16,403.41,0.25273
2020-10-29,13266.4,388.22,0.2454
2020-10-30,13455.69,387.12,0.24232
2020-10-31,13560.1,382.59,0.23906
2020-11-01,13791.0,386.44,0.2396
2020-11-02,13761.49,396.68,0.23999
2020-11-03,13549.63,383.01,0.23526
2020-11-04,14023.53,387.88,0.2396
2020-11-05,14144.01,402.5,0.23759
2020-11-06,15590.02,416.73,0.24569
2020-11-07,15579.93,455.91,0.2586
2020-11-08,14818.3,435.2,0.24913
2020-11-09,15475.1,454.29,0.25368
2020-11-10,15328.41,444.32,0.25058
2020-11-11,15297.21,450.34,0.25379
2020-11-12,15684.25,463.09,0.25581
2020-11-13,16291.85,462.48,0.2549
2020-11-14,16320.04,476.42,0.26587
2020-11-15,16069.56,460.9,0.26829
2020-11-16,15957.0,448.07,0.26957
2020-11-17,16713.08,460.51,0.28814
2020-11-18,17659.38,482.11,0.30247
2020-11-19,17777.75,478.43,0.29333
2020-11-20,17802.81,471.26,0.30356
2020-11-21,18655.66,510.12,0.32993
2020-11-22,18703.8,552.42,0.46283
2020-11-23,18413.88,560.03,0.44592
2020-11-24,18368.01,608.58,0.61562
2020-11-25,19160.0,604.98,0.69399
2020-11-26,18718.83,569.38,0.63024
2020-11-27,17149.47,519.83,0.53649
2020-11-28,17139.53,518.59,0.5625
2020-11-29,17719.84,537.5,0.62573
2020-11-30,18185.0,576.32,0.60543
2020-12-01,19695.87,616.65,0.66378
2020-12-02,18764.96,585.26,0.6113
2020-12-03,19204.08,596.88,0.62969
2020-12-04,19422.34,615.84,0.63046
2020-12-05,18650.51,567.24,0.55355
2020-12-06,19147.66,596.82,0.58516
2020-12-07,19358.67,601.59,0.62096
2020-12-08,19166.9,591.27,0.60822
2020-12-09,18324.11,554.92,0.55897
2020-12-10,18541.29,573.2,0.58284
2020-12-11,18254.81,558.99,0.57267
2020-12-12,18036.53,544.46,0.54847
2020-12-13,18808.69,568.09,0.50658
2020-12-14,19174.99,590.81,0.51366
2020-12-15,19273.69,586.29,0.49737
2020-12-16,19426.43,588.78,0.46793
2020-12-17,21335.52,637.18,0.56938
2020-12-18,22797.15,642.71,0.57685
2020-12-19,23107.39,653.76,0.58335
2020-12-20,23821.6,658.05,0.57692
2020-12-21,23455.54,638.1,0.55576
2020-12-22,22719.88,607.68,0.51469
2020-12-23,23810.79,636.41,0.44636
2020-12-24,23232.39,585.48,0.2605
2020-12-25,23728.99,612.31,0.33865
2020-12-26,24712.47,626.78,0.3179
2020-12-27,26493.4,637.44,0.29484
2020-12-28,26281.54,685.1,0.28401
2020-12-29,27079.42,730.4,0.24832
2020-12-30,27385.0,732.0,0.22142
2020-12-31,28875.55,752.17,0.21133
2021-01-01,28923.63,736.42,0.21953
2021-01-02,29331.7,728.91,0.2374
2021-01-03,32176.45,774.44,0.22064
2021-01-04,33000.05,978.33,0.2254
2021-01-05,31989.75,1041.45,0.23568
2021-01-06,33949.53,1100.16,0.22577
2021-01-07,36769.36,1208.75,0.24856
2021-01-08,39432.48,1224.86,0.32389
2021-01-09,40586.96,1216.72,0.32049
2021-01-10,40088.22,1276.0,0.32419
2021-01-11,38150.02,1254.24,0.31487
2021-01-12,35410.37,1087.0,0.28742
2021-01-13,34049.15,1050.36,0.29241
2021-01-14,37371.38,1129.79,0.3057
2021-01-15,39145.21,1231.89,0.29648
2021-01-16,36737.43,1168.48,0.27987
2021-01-17,35994.98,1227.83,0.2792
2021-01-18,35824.99,1232.5,0.27741
2021-01-19,36622.46,1258.52,0.28529
2021-01-20,35901.94,1365.36,0.29395
2021-01-21,35468.23,1376.72,0.29553
2021-01-22,30851.99,1111.98,0.26786
2021-01-23,32950.0,1232.61,0.27216
2021-01-24,32078.0,1233.46,0.27169
2021-01-25,32259.45,1392.19,0.27335
2021-01-26,32254.19,1317.6,0.26751
2021-01-27,32464.01,1366.54,0.26837
2021-01-28,30362.19,1238.93,0.25058
2021-01-29,33368.18,1329.44,0.26413
2021-01-30,34246.28,1379.56,0.2829
2021-01-31,34262.89,1378.04,0.44369
2021-02-01,33092.97,1312.45,0.49516
2021-02-02,33517.09,1374.09,0.37123
2021-02-03,35472.71,1511.93,0.37254
2021-02-04,37620.26,1664.67,0.39721
2021-02-05,36936.65,1595.53,0.44535
2021-02-06,38289.32,1718.95,0.45195
2021-02-07,39181.01,1676.35,0.44307
2021-02-08,38795.69,1611.46,0.41848
2021-02-09,46374.86,1749.68,0.45098
2021-02-10,46420.42,1769.14,0.47637
2021-02-11,44807.58,1740.76,0.50422
2021-02-12,47968.66,1785.83,0.52824
2021-02-13,47298.15,1840.24,0.609
2021-02-14,47156.78,1815.25,0.63309
2021-02-15,48580.47,1800.03,0.59217
2021-02-16,47911.1,1779.33,0.54987
2021-02-17,49133.45,1781.99,0.5198
2021-02-18,52117.67,1849.7,0.5346
2021-02-19,51552.61,1938.91,0.53217
2021-02-20,55906.0,1955.46,0.56478
2021-02-21,55841.19,1912.9,0.5115
2021-02-22,57412.35,1933.54,0.54468
2021-02-23,54087.67,1777.42,0.56637
2021-02-24,48891.0,1577.79,0.4758
2021-02-25,49676.21,1623.16,0.46864
2021-02-26,47073.73,1482.08,0.43599
2021-02-27,46276.88,1444.56,0.42794
2021-02-28,46103.67,1458.27,0.43586
2021-03-01,45134.11,1418.67,0.4157
2021-03-02,49595.76,1570.0,0.44537
2021-03-03,48436.61,1486.79,0.43572
2021-03-04,50349.37,1567.68,0.44841
2021-03-05,48374.09,1539.22,0.4812
2021-03-06,48746.81,1528.08,0.45441
2021-03-07,48882.2,1650.68,0.46292
2021-03-08,50959.11,1726.46,0.46579
2021-03-09,52375.18,1833.22,0.47413
2021-03-10,54874.67,1870.5,0.48481
2021-03-11,55851.59,1795.28,0.4617
2021-03-12,57773.15,1825.78,0.45187
2021-03-13,57221.72,1766.13,0.43934
2021-03-14,61188.38,1922.35,0.45786
2021-03-15,58976.08,1848.1,0.439
2021-03-16,55605.2,1793.99,0.43566
2021-03-17,56900.74,1805.01,0.46037
2021-03-18,58912.97,1823.58,0.46993
2021-03-19,57641.0,1775.92,0.46899
2021-03-20,58030.01,1809.01,0.4665
2021-03-21,58100.02,1806.57,0.52584
2021-03-22,57351.56,1783.23,0.51661
2021-03-23,54083.25,1681.17,0.54403
2021-03-24,54342.8,1668.2,0.54945
2021-03-25,52303.66,1581.88,0.48022
2021-03-26,51293.78,1585.83,0.51034
2021-03-27,55025.59,1698.84,0.56348
2021-03-28,55817.14,1712.52,0.54735
2021-03-29,55777.65,1687.16,0.5455
2021-03-30,57635.46,1816.76,0.56528
2021-03-31,58746.57,1840.41,0.56207
2021-04-01,58739.46,1919.37,0.5698
2021-04-02,58720.45,1968.05,0.57061
2021-04-03,58950.01,2133.69,0.60701
2021-04-04,57051.95,2008.59,0.57836
2021-04-05,58202.01,2075.7,0.63501
2021-04-06,59129.99,2107.43,0.91584
2021-04-07,57990.03,2112.22,1.09666
2021-04-08,55953.44,1963.46,0.91544
2021-04-09,58077.52,2080.39,1.05571
2021-04-10,58142.55,2067.19,1.01754
2021-04-11,59769.13,2133.49,1.37215
2021-04-12,59998.8,2151.42,1.35118
2021-04-13,59860.01,2137.86,1.4685
2021-04-14,63575.01,2299.19,1.79607
2021-04-15,62959.53,2432.59,1.83396
2021-04-16,63158.74,2514.04,1.75781
2021-04-17,61334.81,2422.38,1.54805
2021-04-18,60006.67,2317.65,1.53988
2021-04-19,56150.01,2235.65,1.40797
2021-04-20,55633.14,2161.12,1.30941
2021-04-21,56425.0,2330.26,1.385
2021-04-22,53787.62,2357.06,1.2911
2021-04-23,51690.95,2397.94,1.15489
2021-04-24,51110.56,2367.39,1.17019
2021-04-25,50047.84,2214.08,1.04971
2021-04-26,49066.76,2320.44,1.0353
2021-04-27,54001.38,2532.06,1.3629
2021-04-28,55011.97,2666.13,1.4017
2021-04-29,54846.23,2748.23,1.3576
2021-04-30,53555.0,2757.04,1.3978
2021-05-01,57697.25,2772.42,1.5989
2021-05-02,57797.35,2944.83,1.651
2021-05-03,56578.21,2949.33,1.5605
2021-05-04,57169.39,3431.04,1.5546
2021-05-05,53205.05,3239.01,1.3878
2021-05-06,57436.11,3524.33,1.6137
2021-05-07,56393.68,3489.74,1.6028
2021-05-08,57315.49,3479.79,1.5795
2021-05-09,58866.53,3910.26,1.5611
2021-05-10,58240.83,3923.95,1.5343
2021-05-11,55816.14,3946.63,1.391
2021-05-12,56670.02,4173.46,1.4788
2021-05-13,49537.15,3810.15,1.269
2021-05-14,49671.92,3717.92,1.3644
2021-05-15,49844.16,4075.02,1.3998
2021-05-16,46762.99,3646.24,1.4911
2021-05-17,46426.83,3581.81,1.4496
2021-05-18,43538.02,3282.25,1.4952
2021-05-19,42849.78,3375.08,1.5893
2021-05-20,36671.23,2438.92,1.0565
2021-05-21,40525.39,2767.87,1.1802
2021-05-22,37263.35,2430.98,1.0062
2021-05-23,37458.51,2295.45,0.9052
2021-05-24,34681.44,2096.63,0.7899
2021-05-25,38810.99,2647.92,0.9934
2021-05-26,38324.72,2705.1,0.9747
2021-05-27,39241.92,2884.82,1.0316
2021-05-28,38529.99,2742.23,0.9747
2021-05-29,35661.79,2412.34,0.8985
2021-05-30,34605.15,2278.74,0.8319
2021-05-31,35641.26,2385.82,0.9058
2021-06-01,37253.82,2706.15,1.0409
2021-06-02,36694.85,2634.31,1.0108
2021-06-03,37568.68,2706.21,1.0241
2021-06-04,39246.78,2857.25,1.0453
2021-06-05,36829.15,2689.54,0.9683
2021-06-06,35516.07,2627.63,0.923
2021-06-07,35796.31,2711.92,0.9469
2021-06-08,33556.96,2592.05,0.8619
2021-06-09,33380.8,2507.43,0.873
2021-06-10,37388.05,2610.2,0.9218
2021-06-11,36677.83,2471.01,0.8686
2021-06-12,37331.98,2354.09,0.8469
2021-06-13,35546.12,2370.64,0.8325
2021-06-14,39020.56,2509.33,0.8833
2021-06-15,40516.28,2580.58,0.8905
2021-06-16,40143.8,2543.55,0.8663
2021-06-17,38349.0,2368.02,0.8319
2021-06-18,38092.97,2373.28,0.8419
2021-06-19,35820.48,2234.09,0.7971
2021-06-20,35483.72,2165.34,0.7583
2021-06-21,35600.17,2243.49,0.7741
2021-06-22,31614.12,1885.27,0.6068
2021-06-23,32509.56,1879.29,0.5468
2021-06-24,33675.07,1967.95,0.6383
2021-06-25,34663.08,1989.53,0.6731
2021-06-26,31576.09,1808.97,0.611
2021-06-27,32283.65,1829.84,0.6163
2021-06-28,34702.49,1982.27,0.6483
2021-06-29,34494.89,2084.42,0.6444
2021-06-30,35911.72,2165.46,0.7062
2021-07-01,35045.0,2275.68,0.7062
2021-07-02,33502.33,2106.41,0.6592
2021-07-03,33786.54,2153.95,0.6557
2021-07-04,34669.12,2226.99,0.6733
2021-07-05,35288.13,2322.69,0.696
2021-07-06,33690.15,2196.85,0.6526
2021-07-07,34220.02,2322.51,0.6648
2021-07-08,33862.11,2316.25,0.6521
2021-07-09,32875.71,2116.32,0.6214
2021-07-10,33815.81,2146.99,0.6369
2021-07-11,33502.87,2110.68,0.6246
2021-07-12,34259.0,2140.54,0.6363
2021-07-13,33086.94,2031.57,0.6288
2021-07-14,32729.12,1940.44,0.6193
2021-07-15,32820.03,1994.41,0.6196
2021-07-16,31874.49,1919.54,0.5979
2021-07-17,31383.86,1876.47,0.5893
2021-07-18,31520.07,1899.5,0.5822
2021-07-19,31778.57,1891.65,0.5867
2021-07-20,30839.65,1818.73,0.557
2021-07-21,29790.34,1786.03,0.5284
2021-07-22,32144.51,1995.5,0.5718
2021-07-23,32287.58,2024.27,0.592
2021-07-24,33634.1,2124.26,0.6092
2021-07-25,34261.51,2184.9,0.6085
2021-07-26,35381.02,2189.82,0.6069
2021-07-27,37241.33,2227.81,0.6234
2021-07-28,39456.61,2299.47,0.645
2021-07-29,40019.57,2300.9,0.7327
2021-07-30,40018.49,2382.93,0.7488
2021-07-31,42206.36,2461.77,0.7522
2021-08-01,41461.84,2531.1,0.7461
2021-08-02,39850.27,2555.5,0.7242
2021-08-03,39146.86,2606.92,0.738
2021-08-04,38207.04,2508.51,0.7136
2021-08-05,39723.17,2724.55,0.731
2021-08-06,40862.46,2827.01,0.7327
2021-08-07,42836.87,2891.54,0.7474
2021-08-08,44572.54,3160.48,0.8163
2021-08-09,43794.36,3011.84,0.7788
2021-08-10,46248.87,3160.51,0.8169
2021-08-11,45585.0,3141.14,0.8511
2021-08-12,45510.67,3160.4,1.0106
2021-08-13,44400.06,3046.11,0.9661
2021-08-14,47799.99,3322.33,1.0901
2021-08-15,47068.5,3263.16,1.2788
2021-08-16,46973.82,3307.35,1.2838
2021-08-17,45901.3,3147.18,1.1855
2021-08-18,44695.95,3011.73,1.098
2021-08-19,44699.37,3014.18,1.143
2021-08-20,46760.62,3184.11,1.2347
2021-08-21,49322.47,3284.81,1.2629
2021-08-22,48821.88,3223.36,1.2158
2021-08-23,49239.22,3238.0,1.2258
2021-08-24,49488.85,3321.28,1.2456
2021-08-25,47674.01,3170.63,1.1353
2021-08-26,48973.32,3226.88,1.1735
2021-08-27,46843.86,3093.06,1.0713
2021-08-28,49069.9,3273.89,1.1918
2021-08-29,48895.35,3244.75,1.1458
2021-08-30,48767.84,3223.47,1.1408
2021-08-31,46982.91,3229.14,1.1005
2021-09-01,47100.89,3429.19,1.1856
2021-09-02,48810.51,3826.82,1.2362
2021-09-03,49246.63,3785.82,1.2533
2021-09-04,49998.0,3938.11,1.2906
2021-09-05,49917.54,3885.61,1.2548
2021-09-06,51756.88,3950.28,1.3075
2021-09-07,52666.2,3926.67,1.3894
2021-09-08,46868.57,3434.84,1.129
2021-09-09,46048.31,3499.01,1.0999
2021-09-10,46395.14,3424.94,1.0868
2021-09-11,44842.2,3208.85,1.0552
2021-09-12,45173.68,3267.1,1.0788
2021-09-13,46025.23,3404.3,1.1181
2021-09-14,44940.72,3285.09,1.0644
2021-09-15,47103.28,3434.37,1.0962
2021-09-16,48121.4,3613.55,1.1207
2021-09-17,47737.81,3567.97,1.0903
2021-09-18,47299.98,3399.89,1.0663
2021-09-19,48292.75,3435.64,1.0752
2021-09-20,47241.75,3328.57,1.0483
2021-09-21,43016.64,2977.32,0.9216
2021-09-22,40734.09,2766.72,0.874
2021-09-23,43546.37,3076.92,1.0033
2021-09-24,44865.26,3152.41,1.0016
2021-09-25,42810.58,2928.22,0.9442
2021-09-26,42670.63,2921.84,0.9399
2021-09-27,43160.9,3059.36,0.9436
2021-09-28,42147.35,2924.76,0.9217
2021-09-29,41025.01,2805.15,0.8928
2021-09-30,41524.29,2850.45,0.9266
2021-10-01,43820.01,3000.62,0.9535
2021-10-02,48141.6,3309.91,1.0422
2021-10-03,47634.89,3387.77,1.0359
2021-10-04,48200.01,3417.73,1.0552
2021-10-05,49224.93,3386.31,1.0429
2021-10-06,51471.99,3515.48,1.084
2021-10-07,55315.0,3574.88,1.0766
2021-10-08,53785.22,3587.47,1.0677
2021-10-09,53955.67,3563.13,1.0636
2021-10-10,54949.72,3574.83,1.1604
2021-10-11,54659.01,3414.22,1.1352
2021-10-12,57471.35,3542.12,1.1363
2021-10-13,55996.91,3491.43,1.1017
2021-10-14,57370.83,3607.41,1.1277
2021-10-15,57347.94,3790.82,1.1335
2021-10-16,61672.42,3868.38,1.1415
2021-10-17,60875.57,3829.96,1.1343
2021-10-18,61528.32,3847.0,1.0943
2021-10-19,62005.6,3744.96,1.0827
2021-10-20,64280.59,3876.98,1.0911
2021-10-21,66001.4,4161.37,1.1451
2021-10-22,62193.15,4053.0,1.0885
2021-10-23,60688.23,3972.19,1.0885
2021-10-24,61286.75,4167.13,1.0935
2021-10-25,60852.22,4082.33,1.0821
2021-10-26,63078.78,4220.36,1.0951
2021-10-27,60328.81,4131.52,1.1076
2021-10-28,58413.44,3921.99,0.9951
2021-10-29,60575.9,4286.01,1.058
2021-10-30,62253.7,4418.89,1.0825
2021-10-31,61859.19,4322.68,1.0845
2021-11-01,61299.81,4287.48,1.1128
2021-11-02,60911.12,4319.43,1.0916
2021-11-03,63220.57,4589.68,1.1348
2021-11-04,62896.49,4603.35,1.21
2021-11-05,61395.01,4532.31,1.2004
2021-11-06,60940.18,4474.24,1.1581
2021-11-07,61470.62,4518.0,1.1511
2021-11-08,63273.58,4612.59,1.2198
2021-11-09,67525.82,4807.98,1.2815
2021-11-10,66947.67,4732.33,1.2572
2021-11-11,64882.42,4628.68,1.1902
2021-11-12,64774.25,4719.0,1.2142
2021-11-13,64122.22,4665.47,1.1884
2021-11-14,64380.01,4644.27,1.1894
2021-11-15,65519.11,4626.5,1.1879
2021-11-16,63606.73,4563.77,1.172
2021-11-17,60058.87,4209.59,1.0877
2021-11-18,60344.86,4288.07,1.0953
2021-11-19,56891.62,3996.9,1.0406
2021-11-20,58057.1,4294.75,1.0892
2021-11-21,59707.52,4412.17,1.0965
2021-11-22,58617.7,4259.7,1.0571
2021-11-23,56243.83,4086.28,1.0354
2021-11-24,57541.26,4339.45,1.0662
2021-11-25,57138.29,4270.1,1.0325
2021-11-26,58960.37,4524.48,1.0439
2021-11-27,53723.72,4041.2,0.9392
2021-11-28,54716.47,4095.29,0.9453
2021-11-29,57274.89,4294.77,0.9687
2021-11-30,57776.25,4444.54,0.9899
2021-12-01,56950.56,4630.25,0.9984
2021-12-02,57184.07,4582.95,0.9898
2021-12-03,56484.26,4511.35,0.9715
2021-12-04,53601.05,4215.01,0.9211
2021-12-05,49152.46,4117.25,0.8452
2021-12-06,49396.32,4196.44,0.8045
2021-12-07,50441.91,4347.57,0.8256
2021-12-08,50588.95,4306.4,0.8154
2021-12-09,50471.19,4436.91,0.8623
2021-12-10,47535.9,4105.64,0.8583
2021-12-11,47140.54,3898.31,0.7992
2021-12-12,49389.99,4089.68,0.8391
2021-12-13,50053.9,4130.0,0.8394
2021-12-14,46702.76,3781.92,0.782
2021-12-15,48336.95,3858.99,0.8102
2021-12-16,48864.98,4019.54,0.8262
2021-12-17,47632.38,3959.11,0.8053
2021-12-18,46133.83,3875.43,0.7967
2021-12-19,46834.47,3959.93,0.8263
2021-12-20,46681.24,3924.14,0.835
2021-12-21,46914.17,3944.72,0.8799
2021-12-22,48887.59,4014.41,0.9466
2021-12-23,48588.17,3979.51,0.9538
2021-12-24,50838.82,4111.41,0.9941
2021-12-25,50819.99,4046.35,0.9114
2021-12-26,50399.67,4094.36,0.9252
2021-12-27,50775.48,4063.57,0.92
2021-12-28,50701.44,4037.22,0.9269
2021-12-29,47543.74,3792.75,0.8516
2021-12-30,46464.66,3630.18,0.8172
2021-12-31,47120.88,3709.27,0.8385
2022-01-01,46216.93,3676.22,0.8298
2022-01-02,47722.66,3765.54,0.8508
2022-01-03,47286.18,3828.11,0.8586
2022-01-04,46446.1,3765.89,0.8324
2022-01-05,45832.01,3785.1,0.8227
2022-01-06,43451.14,3539.82,0.7725
2022-01-07,43082.3,3406.81,0.779
2022-01-08,41566.48,3198.68,0.7634
2022-01-09,41679.74,3080.98,0.7452
2022-01-10,41864.62,3151.97,0.753
2022-01-11,41822.49,3082.87,0.7399
2022-01-12,42729.29,3239.73,0.7702
2022-01-13,43902.65,3371.6,0.7986
2022-01-14,42558.35,3240.61,0.7677
2022-01-15,43059.96,3307.42,0.7733
2022-01-16,43084.29,3326.51,0.7791
2022-01-17,43071.66,3346.89,0.7785
2022-01-18,42201.63,3209.68,0.7616
2022-01-19,42352.12,3159.85,0.751
2022-01-20,41660.0,3084.02,0.7381
2022-01-21,40680.92,3001.48,0.7199
2022-01-22,36445.31,2567.47,0.6368
2022-01-23,35071.42,2412.18,0.5966
2022-01-24,36244.55,2539.0,0.6284
2022-01-25,36660.35,2439.56,0.6118
2022-01-26,36958.32,2459.04,0.6178
2022-01-27,36807.24,2463.0,0.6193
2022-01-28,37160.11,2424.02,0.6089
2022-01-29,37716.57,2544.99,0.6112
2022-01-30,38166.83,2601.43,0.6175
2022-01-31,37881.75,2601.67,0.6012
2022-02-01,38466.9,2686.94,0.6174
2022-02-02,38694.59,2787.48,0.6284
2022-02-03,36896.37,2680.25,0.6006
2022-02-04,37311.98,2695.21,0.6101
2022-02-05,41571.7,2994.99,0.6557
2022-02-06,41382.6,3012.64,0.6656
2022-02-07,42380.87,3055.0,0.6825
2022-02-08,43839.99,3139.77,0.8314
2022-02-09,44043.0,3116.69,0.8763
2022-02-10,44372.71,3243.6,0.8699
2022-02-11,43495.44,3072.36,0.8253
2022-02-12,42373.73,2927.54,0.759
2022-02-13,42217.87,2918.58,0.8223
2022-02-14,42053.65,2871.14,0.8057
2022-02-15,42535.94,2929.75,0.8012
2022-02-16,44544.85,3183.53,0.8514
2022-02-17,43873.56,3122.31,0.8367
2022-02-18,40515.71,2891.88,0.7689
2022-02-19,39974.45,2779.3,0.7841
2022-02-20,40079.17,2763.63,0.8215
2022-02-21,38386.89,2621.99,0.7769
2022-02-22,37008.16,2568.03,0.7018
2022-02-23,38230.33,2636.28,0.7209
2022-02-24,37250.02,2579.7,0.6967
2022-02-25,38328.68,2596.26,0.6962
2022-02-26,39219.16,2768.05,0.7698
2022-02-27,39116.73,2779.47,0.7508
2022-02-28,37699.08,2616.79,0.7216
2022-03-01,43160.0,2920.83,0.7809
2022-03-02,44421.2,2976.33,0.784
2022-03-03,43892.99,2947.31,0.7688
2022-03-04,42454.0,2834.0,0.7514
2022-03-05,39148.65,2622.11,0.7127
2022-03-06,39397.97,2665.16,0.7539
2022-03-07,38420.8,2551.3,0.7252
2022-03-08,37988.01,2491.12,0.7196
2022-03-09,38730.63,2575.98,0.7208
2022-03-10,41941.7,2726.98,0.7659
2022-03-11,39422.01,2606.69,0.7361
2022-03-12,38729.57,2556.86,0.8028
2022-03-13,38807.35,2568.8,0.7857
2022-03-14,37777.35,2515.66,0.7602
2022-03-15,39671.37,2589.42,0.7747
2022-03-16,39280.33,2617.74,0.7658
2022-03-17,41114.01,2773.8,0.7919
2022-03-18,40917.89,2811.91,0.7936
2022-03-19,41757.51,2938.84,0.7964
2022-03-20,42201.13,2950.85,0.8195
2022-03-21,41262.11,2861.39,0.8057
2022-03-22,41002.26,2890.03,0.8372
2022-03-23,42364.13,2969.64,0.8366
2022-03-24,42882.76,3035.99,0.8376
2022-03-25,43991.46,3110.75,0.8428
2022-03-26,44313.16,3102.13,0.8239
2022-03-27,44511.27,3145.01,0.8326
2022-03-28,46827.76,3295.65,0.8579
2022-03-29,47122.21,3332.91,0.864
2022-03-30,47434.79,3400.51,0.8576
2022-03-31,47067.99,3385.8,0.8613
2022-04-01,45510.35,3281.51,0.8149
2022-04-02,46283.49,3455.2,0.8277
2022-04-03,45810.99,3443.77,0.824
2022-04-04,46407.36,3521.9,0.8432
2022-04-05,46580.5,3519.5,0.8261
2022-04-06,45497.54,3407.0,0.8164
2022-04-07,43170.47,3168.52,0.7594
2022-04-08,43444.2,3227.2,0.787
2022-04-09,42252.02,3192.39,0.755
2022-04-10,42753.96,3258.57,0.7623
2022-04-11,42158.85,3203.04,0.7543
2022-04-12,39530.45,2979.75,0.6949
2022-04-13,40074.95,3027.65,0.7151
2022-04-14,41147.78,3118.28,0.7232
2022-04-15,39942.37,3021.98,0.7262
2022-04-16,40551.9,3040.57,0.7859
2022-04-17,40378.7,3059.3,0.7808
2022-04-18,39678.11,2988.07,0.7519
2022-04-19,40801.13,3055.56,0.7698
2022-04-20,41493.19,3101.74,0.7749
2022-04-21,41358.19,3076.03,0.7517
2022-04-22,40480.01,2983.57,0.7328
2022-04-23,39709.19,2962.39,0.7178
2022-04-24,39441.61,2933.04,0.7057
2022-04-25,39450.12,2920.99,0.698
2022-04-26,40426.08,3006.63,0.6931
2022-04-27,38112.64,2809.68,0.642
2022-04-28,39235.72,2888.95,0.6522
2022-04-29,39742.06,2936.92,0.6428
2022-04-30,38596.11,2817.13,0.6115
2022-05-01,37630.8,2726.67,0.5845
2022-05-02,38468.35,2824.81,0.607
2022-05-03,38525.16,2856.54,0.6143
2022-05-04,37728.95,2781.7,0.6047
2022-05-05,39690.0,2940.65,0.646
2022-05-06,36552.97,2747.96,0.5981
2022-05-07,36013.77,2692.86,0.6022
2022-05-08,35472.4,2635.35,0.5808
2022-05-09,34038.39,2519.71,0.5663
2022-05-10,30074.23,2229.0,0.4872
2022-05-11,31017.11,2342.04,0.513
2022-05-12,29103.94,2084.99,0.4172
2022-05-13,29029.74,1960.22,0.3856
2022-05-14,29287.05,2009.69,0.4229
2022-05-15,30086.74,2056.47,0.4262
2022-05-16,31328.89,2145.29,0.4481
2022-05-17,29874.01,2023.66,0.4231
2022-05-18,30444.93,2090.72,0.438
2022-05-19,28715.33,1915.11,0.4056
2022-05-20,30319.22,2019.55,0.4205
2022-05-21,29201.01,1959.08,0.4101
2022-05-22,29445.07,1975.06,0.4144
2022-05-23,30293.93,2043.19,0.4217
2022-05-24,29109.14,1973.33,0.4052
2022-05-25,29654.58,1979.4,0.4087
2022-05-26,29542.14,1942.64,0.4061
2022-05-27,29201.35,1792.24,0.3921
2022-05-28,28629.81,1727.26,0.382
2022-05-29,29031.33,1792.21,0.3863
2022-05-30,29468.1,1813.64,0.3891
2022-05-31,31734.23,1998.78,0.4188
2022-06-01,31801.05,1941.9,0.4217
2022-06-02,29805.84,1817.96,0.3981
2022-06-03,30452.63,1834.09,0.4054
2022-06-04,29700.21,1775.13,0.3903
2022-06-05,29864.03,1804.58,0.3925
2022-06-06,29919.2,1806.22,0.3954
2022-06-07,31373.1,1859.84,0.4027
2022-06-08,31125.32,1813.33,0.4076
2022-06-09,30204.77,1791.88,0.4007
2022-06-10,30109.93,1788.8,0.4002
2022-06-11,29091.87,1662.91,0.3815
2022-06-12,28424.71,1532.89,0.3598
2022-06-13,26574.53,1434.84,0.3433
2022-06-14,22485.27,1209.35,0.3117
2022-06-15,22136.42,1208.9,0.3215
2022-06-16,22583.72,1237.53,0.3436
2022-06-17,20400.6,1068.5,0.3132
2022-06-18,20468.81,1086.93,0.321
2022-06-19,18970.79,995.12,0.3074
2022-06-20,20574.0,1128.53,0.3262
2022-06-21,20573.9,1128.24,0.3226
2022-06-22,20723.51,1125.86,0.3294
2022-06-23,19988.0,1050.19,0.3223
2022-06-24,21110.12,1144.71,0.3357
2022-06-25,21237.68,1225.02,0.3672
2022-06-26,21491.18,1242.31,0.3677
2022-06-27,21038.08,1197.79,0.3591
2022-06-28,20742.57,1192.51,0.3537
2022-06-29,20281.28,1144.05,0.3375
2022-06-30,20123.0,1100.21,0.3296
2022-07-01,19942.21,1071.02,0.332
2022-07-02,19279.8,1059.73,0.3142
2022-07-03,19252.82,1067.01,0.3157
2022-07-04,19315.83,1074.26,0.3216
2022-07-05,20236.71,1151.01,0.3287
2022-07-06,20175.84,1132.51,0.3252
2022-07-07,20564.51,1186.57,0.3324
2022-07-08,21624.99,1237.49,0.3423
2022-07-09,21594.75,1214.03,0.3403
2022-07-10,21592.15,1217.02,0.3448
2022-07-11,20861.11,1168.37,0.3256
2022-07-12,19963.61,1096.37,0.3152
2022-07-13,19331.28,1038.58,0.3117
2022-07-14,20234.87,1115.01,0.3236
2022-07-15,20588.84,1193.42,0.3338
2022-07-16,20830.04,1231.25,0.3341
2022-07-17,21195.6,1355.84,0.3504
2022-07-18,20799.58,1338.65,0.3434
2022-07-19,22432.58,1581.03,0.3652
2022-07-20,23398.48,1542.33,0.3728
2022-07-21,23223.3,1521.63,0.3635
2022-07-22,23152.19,1575.45,0.3668
2022-07-23,22684.83,1535.27,0.3578
2022-07-24,22448.58,1548.66,0.3592
2022-07-25,22577.13,1597.7,0.3585
2022-07-26,21310.9,1440.79,0.3362
2022-07-27,21254.67,1449.12,0.3373
2022-07-28,22954.31,1635.74,0.3594
2022-07-29,23845.25,1724.52,0.3738
2022-07-30,23777.28,1721.68,0.3679
2022-07-31,23644.64,1697.0,0.388
2022-08-01,23296.36,1678.12,0.3791
2022-08-02,23266.9,1630.28,0.3791
2022-08-03,22985.93,1630.91,0.3714
2022-08-04,22816.91,1618.16,0.3695
2022-08-05,22622.41,1607.97,0.371
2022-08-06,23313.56,1736.81,0.3764
2022-08-07,22954.21,1690.6,0.3715
2022-08-08,23174.39,1700.2,0.3723
2022-08-09,23810.98,1777.05,0.3787
2022-08-10,23151.32,1702.76,0.3672
2022-08-11,23954.05,1853.58,0.3814
2022-08-12,23933.09,1880.19,0.3801
2022-08-13,24401.7,1958.28,0.3797
2022-08-14,24443.06,1983.55,0.3779
2022-08-15,24305.25,1935.32,0.3756
2022-08-16,24093.04,1899.05,0.375
2022-08-17,23856.15,1876.67,0.377
2022-08-18,23342.66,1834.24,0.3796
2022-08-19,23191.45,1846.39,0.3703
2022-08-20,20834.39,1609.0,0.3345
2022-08-21,21140.07,1576.03,0.3368
2022-08-22,21516.7,1618.13,0.3448
2022-08-23,21400.75,1624.65,0.344
2022-08-24,21529.11,1665.4,0.3473
2022-08-25,21368.05,1656.56,0.3456
2022-08-26,21559.04,1695.11,0.3491
2022-08-27,20239.14,1508.18,0.3393
2022-08-28,20037.6,1491.06,0.3346
2022-08-29,19555.61,1426.76,0.3223
2022-08-30,20287.2,1551.79,0.3337
2022-08-31,19813.03,1524.59,0.3268
2022-09-01,20048.44,1554.11,0.3276
2022-09-02,20132.64,1586.17,0.3332
2022-09-03,19950.98,1575.35,0.3315
2022-09-04,19832.45,1557.45,0.3296
2022-09-05,20000.3,1579.29,0.3318
2022-09-06,19795.34,1617.8,0.3329
2022-09-07,18790.61,1559.01,0.3212
2022-09-08,19292.85,1630.0,0.3369
2022-09-09,19320.54,1635.37,0.3396
2022-09-10,21361.62,1718.24,0.3568
2022-09-11,21647.21,1774.12,0.3574
2022-09-12,21826.87,1766.12,0.3551
2022-09-13,22395.44,1716.37,0.3598
2022-09-14,20173.62,1574.4,0.3326
2022-09-15,20227.17,1638.4,0.3415
2022-09-16,19701.88,1472.76,0.3261
2022-09-17,19803.3,1433.9,0.3552
2022-09-18,20112.61,1468.82,0.3762
2022-09-19,19417.45,1334.51,0.3578
2022-09-20,19537.02,1375.98,0.3847
2022-09-21,18874.31,1322.94,0.4139
2022-09-22,18461.36,1245.79,0.3936
2022-09-23,19401.63,1326.47,0.4861
2022-09-24,19288.57,1327.24,0.5069
2022-09-25,18921.99,1317.13,0.4879
2022-09-26,18809.13,1294.62,0.4916
2022-09-27,19226.68,1336.17,0.4682
2022-09-28,19078.1,1328.01,0.4458
2022-09-29,19412.82,1337.2,0.4491
2022-09-30,19590.54,1335.69,0.4876
2022-10-01,19422.61,1328.71,0.4799
2022-10-02,19312.24,1311.79,0.4753
2022-10-03,19057.74,1276.72,0.4485
2022-10-04,19629.08,1323.1,0.4622
2022-10-05,20337.82,1361.5,0.4795
2022-10-06,20158.26,1352.2,0.4888
2022-10-07,19960.67,1352.07,0.4934
2022-10-08,19530.09,1331.1,0.5177
2022-10-09,19416.52,1315.48,0.5171
2022-10-10,19439.96,1323.13,0.5325
2022-10-11,19131.87,1290.03,0.4939
2022-10-12,19060.0,1280.11,0.486
2022-10-13,19155.1,1294.44,0.4881
2022-10-14,19375.58,1287.08,0.4791
2022-10-15,19176.93,1296.26,0.4882
2022-10-16,19068.4,1274.93,0.4818
2022-10-17,19262.98,1305.96,0.4765
2022-10-18,19548.48,1331.39,0.4804
2022-10-19,19327.44,1310.71,0.4657
2022-10-20,19123.35,1285.09,0.4504
2022-10-21,19041.92,1282.57,0.4465
2022-10-22,19164.37,1299.76,0.4613
2022-10-23,19204.29,1313.62,0.4653
2022-10-24,19570.4,1364.19,0.4688
2022-10-25,19330.6,1343.61,0.453
2022-10-26,20079.02,1459.74,0.4606
2022-10-27,20771.61,1566.11,0.4689
2022-10-28,20295.11,1514.04,0.4615
2022-10-29,20591.84,1554.4,0.4743
2022-10-30,20809.68,1619.55,0.4702
2022-10-31,20627.48,1590.45,0.4582
2022-11-01,20490.74,1572.69,0.464
2022-11-02,20482.81,1578.47,0.4635
2022-11-03,20151.84,1518.33,0.4498
2022-11-04,20207.12,1531.01,0.4548
2022-11-05,21148.52,1644.78,0.5063
2022-11-06,21299.37,1626.98,0.493
2022-11-07,20905.58,1568.25,0.4708
2022-11-08,20590.67,1568.09,0.4647
2022-11-09,18545.38,1334.78,0.4059
2022-11-10,15922.68,1102.73,0.3332
2022-11-11,17602.45,1299.28,0.3942
2022-11-12,17069.98,1289.35,0.3843
2022-11-13,16813.16,1257.25,0.3635
2022-11-14,16331.78,1221.5,0.3409
2022-11-15,16617.72,1243.29,0.3775
2022-11-16,16900.57,1253.22,0.3887
2022-11-17,16661.61,1216.16,0.3751
2022-11-18,16692.56,1200.42,0.3819
2022-11-19,16699.43,1212.58,0.3829
2022-11-20,16700.68,1217.67,0.3842
2022-11-21,16279.5,1142.21,0.3608
2022-11-22,15781.29,1107.34,0.3645
2022-11-23,16227.96,1139.59,0.3758
2022-11-24,16603.11,1184.52,0.3816
2022-11-25,16599.55,1203.72,0.4018
2022-11-26,16521.35,1199.29,0.4077
2022-11-27,16457.61,1205.61,0.396
2022-11-28,16428.77,1193.88,0.3961
2022-11-29,16212.18,1167.77,0.3888
2022-11-30,16442.91,1216.49,0.3981
2022-12-01,17165.53,1294.46,0.4078
2022-12-02,16978.0,1276.4,0.3968
2022-12-03,17092.13,1295.58,0.3961
2022-12-04,16885.2,1240.5,0.3873
2022-12-05,17106.65,1279.4,0.3895
2022-12-06,16966.35,1259.41,0.3893
2022-12-07,17088.96,1271.31,0.3914
2022-12-08,16836.64,1231.18,0.3834
2022-12-09,17224.1,1280.18,0.3942
2022-12-10,17128.56,1263.11,0.3889
2022-12-11,17127.49,1266.35,0.3865
2022-12-12,17085.05,1263.0,0.3808
2022-12-13,17208.93,1275.41,0.3875
2022-12-14,17775.82,1320.69,0.3953
2022-12-15,17804.01,1307.45,0.3852
2022-12-16,17356.96,1266.53,0.3779
2022-12-17,16631.5,1166.82,0.351
2022-12-18,16777.54,1187.16,0.3545
2022-12-19,16739.0,1183.06,0.3499
2022-12-20,16438.88,1167.82,0.3389
2022-12-21,16896.15,1216.95,0.3482
2022-12-22,16824.68,1213.78,0.3448
2022-12-23,16821.9,1217.72,0.3492
2022-12-24,16778.52,1219.98,0.3542
2022-12-25,16835.73,1220.42,0.3518
2022-12-26,16832.11,1218.52,0.3457
2022-12-27,16919.39,1228.12,0.3657
2022-12-28,16706.06,1211.55,0.3675
2022-12-29,16547.32,1190.15,0.3559
2022-12-30,16633.47,1200.48,0.3421
2022-12-31,16607.48,1199.98,0.345
2023-01-01,16541.77,1196.13,0.3389
2023-01-02,16617.17,1200.33,0.3386
2023-01-03,16672.78,1213.99,0.3482
2023-01-04,16675.65,1214.56,0.3436
2023-01-05,16850.36,1256.91,0.3471
2023-01-06,16831.85,1251.25,0.338
2023-01-07,16950.31,1269.13,0.3442
2023-01-08,16943.83,1264.06,0.3442
2023-01-09,17127.83,1290.15,0.3452
2023-01-10,17179.04,1320.4,0.3489
2023-01-11,17440.64,1335.63,0.3506
2023-01-12,17943.26,1389.4,0.3728
2023-01-13,18846.62,1415.91,0.3748
2023-01-14,19930.01,1451.21,0.3857
2023-01-15,20952.76,1549.91,0.3953
2023-01-16,20872.99,1552.52,0.3846
2023-01-17,21185.65,1576.94,0.3855
2023-01-18,21132.29,1565.56,0.3868
2023-01-19,20677.47,1511.44,0.3782
2023-01-20,21071.59,1551.09,0.3929
2023-01-21,22666.0,1658.53,0.4129
2023-01-22,22783.35,1626.65,0.4034
2023-01-23,22706.02,1627.43,0.4004
2023-01-24,22917.81,1626.28,0.4233
2023-01-25,22631.94,1555.97,0.4079
2023-01-26,23060.42,1611.95,0.417
2023-01-27,23009.65,1601.08,0.4091
2023-01-28,23074.16,1597.61,0.4127
2023-01-29,23021.4,1572.1,0.4078
2023-01-30,23743.37,1644.73,0.4135
2023-01-31,22827.38,1566.21,0.3933
2023-02-01,23125.13,1585.32,0.4058
2023-02-02,23731.41,1641.67,0.4132
2023-02-03,23489.33,1643.12,0.4097
2023-02-04,23431.9,1663.52,0.4116
2023-02-05,23327.66,1666.39,0.4106
2023-02-06,22932.91,1629.01,0.3985
2023-02-07,22762.52,1614.28,0.3921
2023-02-08,23242.42,1671.03,0.4037
2023-02-09,22961.85,1650.42,0.3975
2023-02-10,21797.83,1545.35,0.3818
2023-02-11,21625.19,1513.05,0.3818
2023-02-12,21862.02,1538.5,0.3834
2023-02-13,21782.37,1514.82,0.3747
2023-02-14,21774.63,1505.25,0.3703
2023-02-15,22199.84,1555.7,0.3819
2023-02-16,24322.87,1674.92,0.401
2023-02-17,23517.72,1637.83,0.3841
2023-02-18,24568.24,1693.81,0.3949
2023-02-19,24632.05,1691.62,0.3942
2023-02-20,24272.51,1679.74,0.3862
2023-02-21,24843.89,1703.27,0.3985
2023-02-22,24450.67,1659.77,0.392
2023-02-23,24182.21,1643.15,0.3953
2023-02-24,23940.2,1650.52,0.3883
2023-02-25,23184.04,1607.8,0.3783
2023-02-26,23157.07,1594.58,0.3779
2023-02-27,23554.85,1641.37,0.3779
2023-02-28,23492.09,1633.45,0.3785
2023-03-01,23141.57,1605.24,0.3762
2023-03-02,23629.76,1665.23,0.3836
2023-03-03,23465.32,1647.86,0.3772
2023-03-04,22354.34,1569.45,0.3773
2023-03-05,22346.57,1566.74,0.3735
2023-03-06,22430.24,1564.57,0.3668
2023-03-07,22409.41,1565.84,0.3696
2023-03-08,22198.56,1561.95,0.3802
2023-03-09,21704.37,1532.38,0.3889
2023-03-10,20362.21,1437.32,0.3706
2023-03-11,20150.69,1426.43,0.3699
2023-03-12,20455.73,1471.93,0.3637
2023-03-13,21998.05,1580.33,0.3713
2023-03-14,24112.27,1673.44,0.3724
2023-03-15,24670.41,1699.41,0.3724
2023-03-16,24285.66,1649.95,0.3589
2023-03-17,24998.78,1673.73,0.3648
2023-03-18,27395.13,1789.26,0.3797
2023-03-19,26907.49,1758.84,0.3739
2023-03-20,27972.87,1780.67,0.3858
2023-03-21,27717.01,1732.77,0.3734
2023-03-22,28107.81,1801.23,0.4696
2023-03-23,27250.97,1734.34,0.4213
2023-03-24,28295.42,1813.78,0.4437
2023-03-25,27454.46,1749.57,0.426
2023-03-26,27462.96,1741.88,0.4429
2023-03-27,27968.05,1773.88,0.4479
2023-03-28,27124.9,1715.21,0.4789
2023-03-29,27261.06,1773.0,0.5145
2023-03-30,28348.6,1793.06,0.5425
2023-03-31,28028.53,1793.6,0.5319
2023-04-01,28465.36,1821.52,0.5375
2023-04-02,28452.74,1820.8,0.5095
2023-04-03,28171.87,1794.51,0.5179
2023-04-04,27800.0,1810.51,0.4958
2023-04-05,28165.47,1870.38,0.5026
2023-04-06,28170.01,1908.68,0.5056
2023-04-07,28033.83,1872.41,0.5028
2023-04-08,27906.34,1863.73,0.5127
2023-04-09,27938.38,1848.82,0.5049
2023-04-10,28323.76,1858.91,0.5053
2023-04-11,29637.35,1910.21,0.5176
2023-04-12,30200.43,1889.86,0.5166
2023-04-13,29888.07,1917.4,0.5049
2023-04-14,30373.84,2012.0,0.5124
2023-04-15,30466.93,2099.99,0.5227
2023-04-16,30295.1,2090.61,0.5192
2023-04-17,30304.66,2118.66,0.5208
2023-04-18,29430.27,2073.99,0.511
2023-04-19,30380.01,2103.51,0.5325
2023-04-20,28797.1,1933.74,0.4911
2023-04-21,28243.65,1942.98,0.4752
2023-04-22,27262.84,1848.77,0.4491
2023-04-23,27816.85,1874.17,0.472
2023-04-24,27590.59,1862.01,0.4648
2023-04-25,27510.93,1841.84,0.461
2023-04-26,28300.8,1866.1,0.4696
2023-04-27,28415.29,1866.01,0.4618
2023-04-28,29472.77,1908.68,0.4666
2023-04-29,29311.69,1890.93,0.4795
2023-04-30,29230.45,1907.79,0.4779
2023-05-01,29233.2,1870.08,0.4705
2023-05-02,28068.26,1830.73,0.4648
2023-05-03,28669.85,1870.09,0.4644
2023-05-04,29026.16,1905.12,0.4633
2023-05-05,28838.16,1877.07,0.4608
2023-05-06,29505.6,1993.3,0.4671
2023-05-07,28848.19,1896.33,0.4582
2023-05-08,28430.09,1870.41,0.4491
2023-05-09,27668.8,1847.55,0.4283
2023-05-10,27628.28,1846.53,0.4289
2023-05-11,27598.74,1840.83,0.4303
2023-05-12,26968.61,1794.31,0.4207
2023-05-13,26795.01,1807.45,0.4305
2023-05-14,26775.27,1795.12,0.424
2023-05-15,26917.61,1799.2,0.4253
2023-05-16,27162.15,1816.21,0.4273
2023-05-17,27033.85,1824.21,0.4426
2023-05-18,27405.62,1822.12,0.4485
2023-05-19,26821.28,1800.56,0.4597
2023-05-20,26880.26,1812.31,0.4674
2023-05-21,27102.42,1819.42,0.4685
2023-05-22,26747.78,1804.91,0.4574
2023-05-23,26849.28,1817.36,0.4618
2023-05-24,27219.61,1854.06,0.4651
2023-05-25,26329.0,1799.89,0.453
2023-05-26,26473.8,1805.61,0.4538
2023-05-27,26705.93,1827.8,0.4684
2023-05-28,26854.28,1829.89,0.4714
2023-05-29,28065.01,1908.64,0.482
2023-05-30,27736.39,1892.6,0.4946
2023-05-31,27694.39,1900.58,0.5205
2023-06-01,27210.36,1873.63,0.5167
2023-06-02,26817.93,1861.78,0.5065
2023-06-03,27242.59,1906.69,0.5245
2023-06-04,27069.22,1892.05,0.5188
2023-06-05,27115.2,1890.0,0.5359
2023-06-06,25728.2,1810.49,0.5089
2023-06-07,27230.07,1884.65,0.53
2023-06-08,26339.34,1832.12,0.5183
2023-06-09,26498.62,1845.65,0.5237
2023-06-10,26477.8,1840.37,0.538
2023-06-11,25841.22,1751.52,0.5067
2023-06-12,25925.54,1752.77,0.5209
2023-06-13,25905.2,1742.57,0.5251
2023-06-14,25934.24,1740.12,0.5193
2023-06-15,25128.6,1650.95,0.4802
2023-06-16,25598.49,1666.96,0.4801
2023-06-17,26345.01,1717.91,0.4758
2023-06-18,26516.99,1727.75,0.4794
2023-06-19,26339.98,1720.95,0.4868
2023-06-20,26844.35,1737.1,0.4935
2023-06-21,28308.0,1791.99,0.4928
2023-06-22,29993.89,1889.1,0.4999
2023-06-23,29884.92,1872.0,0.4937
2023-06-24,30688.51,1892.63,0.496
2023-06-25,30527.44,1874.95,0.4865
2023-06-26,30462.67,1898.8,0.4903
2023-06-27,30267.99,1858.97,0.479
2023-06-28,30692.44,1889.58,0.4839
2023-06-29,30077.4,1828.03,0.4648
2023-06-30,30447.31,1851.99,0.4747
2023-07-01,30471.99,1933.8,0.473
2023-07-02,30585.9,1924.5,0.4732
2023-07-03,30617.02,1937.49,0.4844
2023-07-04,31156.2,1955.55,0.489
2023-07-05,30766.52,1936.19,0.4872
2023-07-06,30504.8,1910.35,0.4777
2023-07-07,29895.42,1846.17,0.4622
2023-07-08,30344.7,1870.92,0.4686
2023-07-09,30284.63,1865.24,0.4705
2023-07-10,30160.71,1862.81,0.4681
2023-07-11,30411.57,1880.41,0.478
2023-07-12,30622.1,1878.31,0.4753
2023-07-13,30380.0,1871.82,0.471
2023-07-14,31454.23,2004.49,0.8151
2023-07-15,30312.0,1937.82,0.7178
2023-07-16,30289.52,1931.41,0.7144
2023-07-17,30232.0,1922.12,0.7468
2023-07-18,30138.01,1911.21,0.7373
2023-07-19,29859.14,1897.21,0.778
2023-07-20,29909.21,1888.64,0.8198
2023-07-21,29800.0,1891.59,0.7942
2023-07-22,29901.72,1891.73,0.7713
2023-07-23,29793.99,1866.52,0.733
2023-07-24,30083.75,1888.74,0.7384
2023-07-25,29176.5,1850.0,0.702
2023-07-26,29228.91,1857.66,0.709
2023-07-27,29351.95,1871.99,0.7161
2023-07-28,29222.78,1861.29,0.7138
2023-07-29,29314.14,1874.2,0.7119
2023-07-30,29352.9,1880.45,0.7122
2023-07-31,29281.09,1861.79,0.7047
2023-08-01,29232.26,1856.13,0.6976
2023-08-02,29705.99,1873.48,0.7069
2023-08-03,29186.0,1839.9,0.6849
2023-08-04,29193.65,1835.81,0.6629
2023-08-05,29114.0,1830.24,0.6356
2023-08-06,29072.13,1836.48,0.6288
2023-08-07,29088.43,1830.28,0.624
2023-08-08,29211.06,1829.1,0.6235
2023-08-09,29770.41,1856.3,0.6418
2023-08-10,29581.99,1855.36,0.6434
2023-08-11,29455.76,1852.47,0.6331
2023-08-12,29426.02,1848.84,0.6317
2023-08-13,29430.18,1849.94,0.6276
2023-08-14,29303.85,1840.73,0.6256
2023-08-15,29430.92,1845.5,0.6342
2023-08-16,29200.01,1828.98,0.6104
2023-08-17,28730.51,1807.81,0.589
2023-08-18,26623.41,1681.49,0.5064
2023-08-19,26054.0,1661.6,0.5062
2023-08-20,26100.01,1669.68,0.52
2023-08-21,26190.0,1685.23,0.5385
2023-08-22,26126.92,1667.56,0.5245
2023-08-23,26055.99,1635.0,0.5211
2023-08-24,26432.71,1679.61,0.5302
2023-08-25,26180.05,1661.16,0.5187
2023-08-26,26060.0,1653.79,0.5258
2023-08-27,26017.38,1647.03,0.5231
2023-08-28,26101.78,1658.33,0.5235
2023-08-29,26120.0,1653.08,0.5232
2023-08-30,27716.34,1729.41,0.5398
2023-08-31,27299.99,1705.23,0.5284
2023-09-01,25940.77,1645.77,0.511
2023-09-02,25805.04,1629.13,0.4981
2023-09-03,25869.52,1637.02,0.4989
2023-09-04,25971.21,1635.84,0.5047
2023-09-05,25826.03,1630.52,0.5087
2023-09-06,25792.11,1634.46,0.5056
2023-09-07,25759.95,1633.15,0.5033
2023-09-08,26255.0,1648.11,0.5051
2023-09-09,25910.5,1636.43,0.5049
2023-09-10,25901.6,1635.53,0.5038
2023-09-11,25841.6,1617.42,0.4969
2023-09-12,25162.53,1551.84,0.4744
2023-09-13,25840.1,1592.97,0.4804
2023-09-14,26222.0,1607.61,0.4833
2023-09-15,26522.73,1626.48,0.4892
2023-09-16,26599.99,1641.3,0.5004
2023-09-17,26559.67,1634.4,0.4997
2023-09-18,26527.5,1622.48,0.4925
2023-09-19,26762.5,1636.66,0.503
2023-09-20,27210.25,1643.13,0.5139
2023-09-21,27125.01,1622.27,0.5213
2023-09-22,26568.08,1583.94,0.5072
2023-09-23,26580.14,1593.07,0.5122
2023-09-24,26575.97,1593.85,0.5076
2023-09-25,26248.39,1580.71,0.502
2023-09-26,26304.8,1588.34,0.5056
2023-09-27,26221.68,1594.02,0.5019
2023-09-28,26373.0,1598.63,0.4993
2023-09-29,27021.39,1653.0,0.5097
2023-09-30,26906.96,1667.45,0.5215
2023-10-01,26962.57,1670.89,0.5148
2023-10-02,27992.58,1733.8,0.524
2023-10-03,27494.51,1662.41,0.5122
2023-10-04,27426.45,1656.88,0.5391
2023-10-05,27778.57,1646.58,0.5326
2023-10-06,27410.39,1611.79,0.5227
2023-10-07,27931.1,1645.03,0.5255
2023-10-08,27956.67,1633.56,0.5216
2023-10-09,27917.06,1632.85,0.5174
2023-10-10,27590.12,1580.13,0.5027
2023-10-11,27390.12,1567.62,0.4964
2023-10-12,26875.52,1566.86,0.4889
2023-10-13,26759.63,1539.61,0.4831
2023-10-14,26862.0,1552.16,0.4852
2023-10-15,26852.48,1554.94,0.4866
2023-10-16,27154.14,1557.78,0.4874
2023-10-17,28500.77,1599.41,0.4977
2023-10-18,28395.91,1565.01,0.4911
2023-10-19,28320.0,1563.45,0.4878
2023-10-20,28713.71,1566.57,0.5197
2023-10-21,29669.05,1603.88,0.515
2023-10-22,29909.8,1628.94,0.5208
2023-10-23,29992.46,1663.69,0.5226
2023-10-24,33069.99,1765.47,0.5475
2023-10-25,33922.73,1784.98,0.5587
2023-10-26,34496.05,1787.15,0.5552
2023-10-27,34151.66,1803.39,0.5534
2023-10-28,33892.01,1779.41,0.543
2023-10-29,34081.01,1776.21,0.5446
2023-10-30,34525.88,1795.14,0.556
2023-10-31,34474.74,1809.03,0.578
2023-11-01,34639.78,1814.67,0.5995
2023-11-02,35421.43,1846.99,0.6084
2023-11-03,34941.58,1800.79,0.6053
2023-11-04,34716.78,1832.7,0.612
2023-11-05,35062.06,1855.54,0.6149
2023-11-06,35011.89,1891.71,0.6606
2023-11-07,35046.09,1900.95,0.7147
2023-11-08,35399.13,1885.26,0.6851
2023-11-09,35624.72,1888.11,0.6869
2023-11-10,36701.1,2121.33,0.6667
2023-11-11,37301.63,2077.72,0.6594
2023-11-12,37129.99,2053.16,0.6626
2023-11-13,37064.13,2044.69,0.6612
2023-11-14,36462.93,2053.65,0.6701
2023-11-15,35551.2,1979.4,0.6296
2023-11-16,37858.2,2058.49,0.6482
2023-11-17,36163.51,1961.77,0.6118
2023-11-18,36613.91,1960.82,0.6132
2023-11-19,36568.11,1962.59,0.6106
2023-11-20,37359.85,2011.47,0.6258
2023-11-21,37448.79,2021.41,0.6121
2023-11-22,35741.65,1933.01,0.5787
2023-11-23,37408.35,2063.22,0.6109
2023-11-24,37294.27,2062.21,0.6208
2023-11-25,37713.57,2080.84,0.6212
2023-11-26,37780.67,2083.1,0.6228
2023-11-27,37447.42,2062.34,0.6157
2023-11-28,37242.7,2027.5,0.6039
2023-11-29,37818.88,2048.14,0.6106
2023-11-30,37854.65,2028.8,0.609
2023-12-01,37723.97,2051.95,0.6063
2023-12-02,38682.51,2087.24,0.6126
2023-12-03,39450.35,2164.75,0.6207
2023-12-04,39972.26,2192.96,0.6229
2023-12-05,41991.1,2243.36,0.6246
2023-12-06,44073.82,2293.33,0.621
2023-12-07,43762.69,2232.7,0.64
2023-12-08,43273.15,2355.74,0.6431
2023-12-09,44171.0,2358.71,0.672
2023-12-10,43713.59,2340.48,0.6584
2023-12-11,43789.5,2352.39,0.6617
2023-12-12,41253.41,2225.11,0.6187
2023-12-13,41492.38,2203.47,0.6191
2023-12-14,42869.03,2260.16,0.6276
2023-12-15,43022.26,2315.32,0.6316
2023-12-16,41940.29,2220.51,0.6156
2023-12-17,42278.02,2228.96,0.6202
2023-12-18,41374.64,2196.53,0.6103
2023-12-19,42657.8,2219.44,0.6125
2023-12-20,42275.99,2177.9,0.6047
2023-12-21,43668.92,2202.17,0.6171
2023-12-22,43861.79,2239.6,0.624
2023-12-23,43969.04,2324.54,0.6243
2023-12-24,43702.15,2308.2,0.6195
2023-12-25,42991.5,2264.04,0.6122
2023-12-26,43576.12,2271.36,0.6461
2023-12-27,42508.93,2230.88,0.6219
2023-12-28,43428.86,2378.35,0.6341
2023-12-29,42563.76,2344.15,0.6346
2023-12-30,42066.94,2299.2,0.6229
2023-12-31,42140.29,2291.68,0.6207
2024-01-01,42283.58,2281.87,0.6155
2024-01-02,44179.55,2352.05,0.6295
2024-01-03,44946.91,2355.35,0.6245
2024-01-04,42845.23,2209.72,0.5823
2024-01-05,44151.1,2267.11,0.5868
2024-01-06,44145.12,2268.78,0.5758
2024-01-07,43968.32,2240.77,0.568
2024-01-08,43929.01,2221.42,0.5515
2024-01-09,46951.04,2330.43,0.5776
2024-01-10,46110.0,2344.3,0.567
2024-01-11,46654.0,2584.37,0.6008
2024-01-12,46339.16,2618.01,0.6019
2024-01-13,42782.74,2522.55,0.5699
2024-01-14,42847.99,2578.18,0.5746
2024-01-15,41732.35,2472.87,0.5763
2024-01-16,42511.1,2511.79,0.5757
2024-01-17,43137.94,2587.41,0.5758
2024-01-18,42776.09,2530.2,0.5685
2024-01-19,41327.51,2470.81,0.552
2024-01-20,41659.03,2491.99,0.5443
2024-01-21,41696.05,2472.02,0.5534
2024-01-22,41580.32,2457.06,0.5464
2024-01-23,39568.02,2314.19,0.5275
2024-01-24,39897.59,2242.6,0.5183
2024-01-25,40084.89,2235.02,0.5182
2024-01-26,39961.09,2218.64,0.5139
2024-01-27,41823.51,2267.67,0.5322
2024-01-28,42120.63,2267.94,0.5304
2024-01-29,42031.05,2256.9,0.5242
2024-01-30,43302.71,2317.61,0.5351
2024-01-31,42941.1,2343.0,0.5106
2024-02-01,42580.0,2283.15,0.5033
2024-02-02,43082.95,2304.28,0.5057
2024-02-03,43199.99,2309.07,0.5106
2024-02-04,43011.1,2296.5,0.5187
2024-02-05,42582.88,2289.79,0.5031
2024-02-06,42708.7,2301.84,0.5069
2024-02-07,43098.96,2372.63,0.505
2024-02-08,44349.6,2425.09,0.5138
2024-02-09,45288.66,2419.56,0.5146
2024-02-10,47132.78,2486.56,0.5262
2024-02-11,47751.08,2500.24,0.5239
2024-02-12,48300.0,2507.22,0.5262
2024-02-13,49917.28,2659.99,0.5315
2024-02-14,49699.6,2639.99,0.5246
2024-02-15,51795.17,2774.8,0.5378
2024-02-16,51880.01,2822.58,0.5622
2024-02-17,52124.1,2801.81,0.5643
2024-02-18,51642.64,2785.92,0.5496
2024-02-19,52137.68,2881.2,0.557
2024-02-20,51774.74,2944.8,0.5626
2024-02-21,52258.82,3014.81,0.5622
2024-02-22,51849.38,2967.91,0.549
2024-02-23,51288.42,2971.4,0.541
2024-02-24,50744.15,2922.25,0.5342
2024-02-25,51568.21,2992.62,0.5449
2024-02-26,51728.85,3112.6,0.5424
2024-02-27,54476.48,3175.95,0.5506
2024-02-28,57037.35,3242.35,0.5862
2024-02-29,62432.11,3383.11,0.5749
2024-03-01,61130.99,3340.1,0.5868
2024-03-02,62387.9,3433.42,0.6013
2024-03-03,61987.28,3421.39,0.6442
2024-03-04,63113.97,3487.8,0.6271
2024-03-05,68245.71,3627.75,0.6476
2024-03-06,63724.01,3553.66,0.5913
2024-03-07,66074.04,3818.58,0.6121
2024-03-08,66823.18,3868.76,0.6271
2024-03-09,68124.2,3883.37,0.62
2024-03-10,68313.28,3905.2,0.6198
2024-03-11,68955.88,3878.47,0.608
2024-03-12,72078.1,4064.8,0.723
2024-03-13,71452.0,3979.97,0.688
2024-03-14,73072.4,4004.79,0.6891
2024-03-15,71388.94,3881.69,0.669
2024-03-16,69499.84,3742.19,0.6341
2024-03-17,65300.64,3523.09,0.603
2024-03-18,68393.47,3644.7,0.6191
2024-03-19,67610.0,3520.47,0.6453
2024-03-20,61937.41,3158.65,0.5845
2024-03-21,67840.51,3516.53,0.6108
2024-03-22,65501.28,3492.84,0.6403
2024-03-23,63796.64,3336.35,0.6115
2024-03-24,63990.02,3329.53,0.6168
2024-03-25,67210.0,3454.99,0.6326
2024-03-26,69880.0,3590.43,0.6405
2024-03-27,69987.99,3587.32,0.6317
2024-03-28,69469.99,3501.2,0.6119
2024-03-29,70780.6,3560.49,0.6243
2024-03-30,69850.53,3509.74,0.63
2024-03-31,69582.17,3505.65,0.6211
2024-04-01,71280.0,3645.29,0.6292
2024-04-02,69649.81,3503.8,0.611
2024-04-03,65463.99,3278.96,0.5854
2024-04-04,65963.27,3310.83,0.5741
2024-04-05,68487.8,3327.39,0.5934
2024-04-06,67820.63,3317.85,0.587
2024-04-07,68896.0,3351.59,0.593
2024-04-08,69360.38,3454.2,0.5945
2024-04-09,71620.0,3694.61,0.6146
2024-04-10,69146.0,3506.4,0.614
2024-04-11,70631.08,3545.64,0.6171
2024-04-12,70006.22,3502.52,0.6085
2024-04-13,67116.52,3237.42,0.5468
2024-04-14,63924.52,3007.01,0.4788
2024-04-15,65661.85,3155.11,0.5034
2024-04-16,63419.99,3102.0,0.4977
2024-04-17,63793.4,3084.21,0.4965
2024-04-18,61277.38,2985.41,0.4951
2024-04-19,63470.09,3064.4,0.5026
2024-04-20,63818.01,3056.45,0.503
2024-04-21,64940.58,3155.79,0.5288
2024-04-22,64941.15,3147.66,0.5246
2024-04-23,66819.32,3200.19,0.556
2024-04-24,66414.0,3219.46,0.5445
2024-04-25,64289.58,3140.79,0.5276
2024-04-26,64498.33,3155.81,0.5254
2024-04-27,63770.0,3131.3,0.5261
2024-04-28,63461.98,3255.55,0.5178
2024-04-29,63118.62,3263.44,0.5104
2024-04-30,63866.0,3216.74,0.515
2024-05-01,60672.01,3014.04,0.5006
2024-05-02,58364.97,2972.46,0.5175
2024-05-03,59060.6,2986.19,0.518
2024-05-04,62882.01,3102.61,0.5317
2024-05-05,63892.03,3117.24,0.5302
2024-05-06,64012.0,3136.4,0.5295
2024-05-07,63165.18,3062.59,0.5401
2024-05-08,62312.07,3005.69,0.5244
2024-05-09,61193.03,2974.2,0.517
2024-05-10,63074.0,3036.24,0.5209
2024-05-11,60799.99,2909.98,0.5022
2024-05-12,60825.99,2912.45,0.5059
2024-05-13,61484.0,2929.3,0.4993
2024-05-14,62940.09,2950.99,0.5052
2024-05-15,61577.49,2881.93,0.5002
2024-05-16,66206.51,3032.55,0.5188
2024-05-17,65235.21,2944.7,0.5158
2024-05-18,67024.0,3092.0,0.5235
2024-05-19,66915.2,3122.94,0.5213
2024-05-20,66274.0,3071.2,0.5096
2024-05-21,71446.62,3661.79,0.5377
2024-05-22,70148.34,3789.59,0.537
2024-05-23,69166.62,3737.72,0.5268
2024-05-24,67969.66,3783.6,0.5288
2024-05-25,68549.99,3728.28,0.5359
2024-05-26,69290.56,3749.25,0.5416
2024-05-27,68507.67,3826.47,0.5283
2024-05-28,69436.43,3894.21,0.5339
2024-05-29,68398.4,3844.69,0.5286
2024-05-30,67652.41,3767.44,0.5238
2024-05-31,68352.17,3747.9,0.5185
2024-06-01,67540.01,3762.29,0.5176
2024-06-02,67766.84,3815.82,0.5187
2024-06-03,67765.62,3780.92,0.5135
2024-06-04,68809.89,3767.07,0.5199
2024-06-05,70537.83,3810.23,0.5257
2024-06-06,71108.0,3866.0,0.5259
2024-06-07,70799.06,3813.47,0.5214
2024-06-08,69355.6,3678.31,0.4991
2024-06-09,69310.46,3681.58,0.4927
2024-06-10,69648.15,3706.4,0.4987
2024-06-11,69540.0,3667.85,0.4969
2024-06-12,67314.23,3497.33,0.4803
2024-06-13,68263.98,3560.13,0.4917
2024-06-14,66773.01,3469.4,0.4768
2024-06-15,66043.99,3481.8,0.4746
2024-06-16,66228.25,3568.75,0.4908
2024-06-17,66676.86,3624.41,0.4891
2024-06-18,66504.33,3511.47,0.5048
2024-06-19,65175.32,3483.42,0.4909
2024-06-20,64974.37,3560.51,0.4933
2024-06-21,64869.99,3513.08,0.4888
2024-06-22,64143.56,3518.5,0.489
2024-06-23,64262.01,3495.76,0.4867
2024-06-24,63210.01,3420.91,0.4798
2024-06-25,60293.3,3352.74,0.4741
2024-06-26,61806.01,3394.91,0.4758
2024-06-27,60864.98,3371.77,0.4697
2024-06-28,61706.46,3450.44,0.4753
2024-06-29,60427.84,3380.15,0.4716
2024-06-30,60986.68,3378.8,0.4727
2024-07-01,62772.01,3438.16,0.4761
2024-07-02,62900.0,3442.2,0.4771
2024-07-03,62135.46,3421.35,0.4853
2024-07-04,60208.57,3295.49,0.4672
2024-07-05,57050.02,3059.7,0.433
2024-07-06,56628.79,2981.79,0.4252
2024-07-07,58230.13,3066.83,0.4489
2024-07-08,55857.81,2930.99,0.4196
2024-07-09,56714.61,3019.01,0.4316
2024-07-10,58050.0,3066.65,0.4357
2024-07-11,57725.85,3101.06,0.4388
2024-07-12,57339.89,3099.57,0.4491
2024-07-13,57889.09,3133.89,0.4745
2024-07-14,59204.01,3175.93,0.5257
2024-07-15,60797.91,3245.2,0.5205
2024-07-16,64724.06,3483.2,0.5372
2024-07-17,65044.0,3444.14,0.5792
2024-07-18,64087.99,3387.05,0.626
2024-07-19,63987.92,3426.49,0.5697
2024-07-20,66660.01,3503.53,0.5733
2024-07-21,67139.97,3517.5,0.5938
2024-07-22,68165.35,3535.93,0.5985
2024-07-23,67532.0,3439.61,0.608
2024-07-24,65936.0,3482.51,0.5976
2024-07-25,65376.01,3335.82,0.6179
2024-07-26,65799.95,3175.47,0.5996
2024-07-27,67908.0,3274.6,0.6033
2024-07-28,67896.49,3249.0,0.5956
2024-07-29,68249.88,3270.16,0.6012
2024-07-30,66784.68,3317.66,0.6019
2024-07-31,66188.0,3279.2,0.6278
2024-08-01,64628.01,3232.74,0.623
2024-08-02,65354.02,3203.4,0.5965
2024-08-03,61498.34,2989.61,0.5606
2024-08-04,60697.99,2903.65,0.5558
2024-08-05,58161.0,2688.91,0.5229
2024-08-06,54018.82,2419.76,0.4889
2024-08-07,56022.0,2461.33,0.5062
2024-08-08,55133.76,2342.79,0.6003
2024-08-09,61686.0,2682.5,0.6166
2024-08-10,60837.99,2598.79,0.5805
2024-08-11,60923.51,2609.92,0.5841
2024-08-12,58712.59,2555.38,0.5528
2024-08-13,59346.64,2722.3,0.5683
2024-08-14,60587.16,2702.44,0.577
2024-08-15,58683.39,2661.45,0.5687
2024-08-16,57541.05,2569.9,0.5608
2024-08-17,58874.59,2592.72,0.5637
2024-08-18,59491.99,2614.51,0.5664
2024-08-19,58427.35,2612.15,0.5631
2024-08-20,59438.5,2636.36,0.5984
2024-08-21,59013.8,2572.81,0.5937
2024-08-22,61156.03,2630.71,0.6
2024-08-23,60375.83,2622.89,0.5977
2024-08-24,64037.24,2762.49,0.6109
2024-08-25,64157.02,2768.01,0.6126
2024-08-26,64219.99,2746.12,0.6
2024-08-27,62834.0,2680.49,0.5873
2024-08-28,59415.0,2457.33,0.5667
2024-08-29,59034.9,2528.33,0.5692
2024-08-30,59359.0,2527.6,0.5618
2024-08-31,59123.99,2525.99,0.5667
2024-09-01,58974.0,2513.0,0.5662
2024-09-02,57301.77,2425.71,0.5471
2024-09-03,59132.12,2538.0,0.5677
2024-09-04,57487.74,2425.28,0.5572
2024-09-05,57970.9,2450.71,0.5579
2024-09-06,56180.0,2368.81,0.5445
2024-09-07,53962.97,2225.24,0.5211
2024-09-08,54160.86,2273.58,0.5249
2024-09-09,54869.95,2297.3,0.5295
2024-09-10,57042.01,2359.51,0.5395
2024-09-11,57635.99,2388.52,0.5407
2024-09-12,57338.0,2340.54,0.5347
2024-09-13,58132.31,2361.75,0.5625
2024-09-14,60497.99,2439.19,0.5727
2024-09-15,59993.02,2417.8,0.5956
2024-09-16,59132.0,2316.09,0.5706
2024-09-17,58213.99,2295.67,0.5865
2024-09-18,60313.99,2341.79,0.5838
2024-09-19,61759.98,2374.74,0.5852
2024-09-20,62948.0,2465.21,0.5868
2024-09-21,63201.05,2561.4,0.5851
2024-09-22,63348.97,2612.4,0.5977
2024-09-23,63578.76,2580.99,0.5871
2024-09-24,63339.99,2646.98,0.5848
2024-09-25,64262.7,2653.2,0.5912
2024-09-26,63152.01,2580.09,0.5831
2024-09-27,65173.99,2632.25,0.5905
2024-09-28,65769.95,2694.43,0.5889
2024-09-29,65858.0,2675.21,0.6139
2024-09-30,65602.01,2657.62,0.6412
2024-10-01,63327.6,2602.24,0.6114
2024-10-02,60804.92,2447.78,0.5968
2024-10-03,60649.27,2364.09,0.5383
2024-10-04,60752.72,2349.8,0.5218
2024-10-05,62086.0,2414.41,0.534
2024-10-06,62058.01,2414.66,0.5294
2024-10-07,62819.91,2440.02,0.5336
2024-10-08,62224.01,2422.7,0.5287
2024-10-09,62160.5,2440.88,0.531
2024-10-10,60636.01,2370.47,0.5245
2024-10-11,60326.4,2386.49,0.5305
2024-10-12,62539.99,2439.49,0.5387
2024-10-13,63206.23,2476.4,0.5393
2024-10-14,62870.02,2468.92,0.5321
2024-10-15,66084.0,2629.79,0.5484
2024-10-16,67074.14,2607.41,0.5417
2024-10-17,67620.0,2611.1,0.5481
2024-10-18,67421.78,2605.79,0.5441
2024-10-19,68427.99,2642.17,0.5465
2024-10-20,68377.99,2648.2,0.544
2024-10-21,69032.0,2746.91,0.5482
2024-10-22,67377.5,2666.71,0.5449
2024-10-23,67426.01,2622.81,0.5338
2024-10-24,66668.65,2524.6,0.5259
2024-10-25,68198.27,2535.82,0.532
2024-10-26,66698.32,2440.63,0.5022
2024-10-27,67092.76,2482.51,0.5135
2024-10-28,68021.69,2507.8,0.5168
2024-10-29,69962.21,2567.49,0.5195
2024-10-30,72736.41,2638.8,0.5285
2024-10-31,72344.75,2659.19,0.5229
2024-11-01,70292.01,2518.61,0.5096
2024-11-02,69496.0,2511.49,0.513
2024-11-03,69374.74,2494.23,0.5103
2024-11-04,68775.99,2457.73,0.503
2024-11-05,67850.01,2398.21,0.5035
2024-11-06,69372.01,2422.6,0.514
2024-11-07,75571.99,2721.88,0.5418
2024-11-08,75857.89,2895.47,0.5556
2024-11-09,76509.78,2961.75,0.5537
2024-11-10,76677.46,3126.2,0.5592
2024-11-11,80370.01,3183.2,0.5885
2024-11-12,88648.0,3371.59,0.6208
2024-11-13,87952.0,3243.79,0.7042
2024-11-14,90375.21,3187.16,0.6897
2024-11-15,87325.59,3058.81,0.7736
2024-11-16,91032.08,3090.01,0.8921
2024-11-17,90587.98,3132.88,1.1208
2024-11-18,89855.98,3075.99,1.0545
2024-11-19,90464.07,3207.81,1.1138
2024-11-20,92310.8,3107.45,1.1004
2024-11-21,94286.56,3069.97,1.1042
2024-11-22,98317.12,3355.88,1.2471
2024-11-23,98892.0,3327.78,1.4726
2024-11-24,97672.4,3393.91,1.4686
2024-11-25,97900.05,3361.21,1.4334
2024-11-26,93010.01,3414.49,1.4142
2024-11-27,91965.16,3324.74,1.3984
2024-11-28,95863.11,3653.27,1.4696
2024-11-29,95643.99,3578.8,1.542
2024-11-30,97460.0,3592.22,1.8005
2024-12-01,96407.99,3703.59,1.9514
2024-12-02,97185.17,3707.61,2.2937
2024-12-03,95840.61,3643.43,2.7244
2024-12-04,95849.69,3614.51,2.5103
2024-12-05,98587.32,3837.8,2.3574
2024-12-06,96945.63,3785.21,2.2445
2024-12-07,99740.84,3998.87,2.4257
2024-12-08,99831.99,3996.22,2.6099
2024-12-09,101109.6,4004.15,2.6013
2024-12-10,97276.48,3712.0,2.2124
2024-12-11,96593.0,3628.24,2.3708
2024-12-12,101125.0,3831.82,2.3942
2024-12-13,100004.29,3881.6,2.3385
2024-12-14,101424.24,3906.8,2.4218
2024-12-15,101420.0,3870.3,2.4006
2024-12-16,104463.99,3959.09,2.447
2024-12-17,106058.65,3986.24,2.4842
2024-12-18,106133.74,3893.01,2.5672
2024-12-19,100204.01,3626.8,2.3102
2024-12-20,97461.86,3417.01,2.2391
2024-12-21,97805.44,3472.2,2.2793
2024-12-22,97292.0,3338.92,2.2379
2024-12-23,95186.28,3281.83,2.2032
2024-12-24,94881.47,3422.53,2.2616
2024-12-25,98663.58,3493.17,2.3238
2024-12-26,99429.61,3497.0,2.2973
2024-12-27,95791.6,3335.04,2.1559
2024-12-28,94299.03,3333.51,2.1467
2024-12-29,95300.0,3404.01,2.1843
2024-12-30,93738.19,3356.48,2.0941
2024-12-31,92792.05,3361.83,2.0587
2025-01-01,93576.0,3337.78,2.0836
2025-01-02,94591.78,3360.39,2.3329
2025-01-03,96984.79,3455.68,2.4024
2025-01-04,98174.17,3609.0,2.4546
2025-01-05,98220.51,3656.88,2.4201
2025-01-06,98363.61,3636.0,2.3993
2025-01-07,102235.6,3687.44,2.42
2025-01-08,96954.6,3381.31,2.2712
2025-01-09,95060.61,3327.29,2.373
2025-01-10,92552.49,3219.2,2.2722
2025-01-11,94726.1,3267.05,2.3414
2025-01-12,94599.99,3282.83,2.5764
2025-01-13,94545.07,3267.3,2.5045
2025-01-14,94536.11,3137.51,2.5232
2025-01-15,96560.85,3225.63,2.6673
2025-01-16,100497.35,3451.51,3.143
2025-01-17,99987.3,3308.04,3.245
2025-01-18,104077.47,3473.64,3.2923
2025-01-19,104556.23,3307.71,3.2697
2025-01-20,101331.57,3215.2,2.9586
2025-01-21,102260.0,3283.99,3.1053
2025-01-22,106143.82,3327.55,3.1739
2025-01-23,103706.66,3242.61,3.1802
2025-01-24,103910.35,3338.22,3.1194
2025-01-25,104870.51,3310.1,3.1008
2025-01-26,104746.86,3318.76,3.1079
2025-01-27,102620.01,3232.61,3.0222
2025-01-28,102082.83,3182.44,3.0552
2025-01-29,101335.52,3077.72,3.0572
2025-01-30,103733.25,3113.9,3.0683
2025-01-31,104722.94,3247.38,3.1276
2025-02-01,102429.56,3300.99,3.0361
2025-02-02,100635.66,3117.54,2.8779
2025-02-03,97700.59,2869.68,2.5801
2025-02-04,101328.51,2879.89,2.7
2025-02-05,97763.14,2731.19,2.5275
2025-02-06,96612.44,2788.25,2.381
2025-02-07,96554.35,2686.63,2.3251
2025-02-08,96506.8,2622.11,2.3969
2025-02-09,96444.75,2632.46,2.419
2025-02-10,96462.75,2627.18,2.3928
2025-02-11,97430.82,2661.19,2.4238
2025-02-12,95778.21,2602.59,2.413
2025-02-13,97870.0,2738.27,2.4734
2025-02-14,96608.13,2675.87,2.56
2025-02-15,97500.47,2725.95,2.7384
2025-02-16,97569.67,2693.04,2.7619
2025-02-17,96118.12,2661.41,2.7283
2025-02-18,95780.01,2744.05,2.6599
2025-02-19,95671.74,2672.0,2.5629
2025-02-20,96644.37,2715.51,2.7378
2025-02-21,98305.01,2738.04,2.6878
2025-02-22,96181.99,2663.0,2.5722
2025-02-23,96551.01,2763.23,2.574
2025-02-24,96258.0,2819.7,2.5763
2025-02-25,91552.88,2513.52,2.2784
2025-02-26,88680.39,2495.69,2.3222
2025-02-27,84250.09,2336.38,2.1983
2025-02-28,84708.57,2307.72,2.1985
2025-03-01,84349.95,2237.59,2.1454
2025-03-02,86064.54,2217.4,2.1917
2025-03-03,94269.99,2518.12,2.9395
2025-03-04,86221.16,2149.02,2.3873
2025-03-05,87281.98,2171.5,2.4542
2025-03-06,90606.0,2241.59,2.4998
2025-03-07,89931.88,2202.21,2.6
2025-03-08,86801.74,2141.6,2.3855
2025-03-09,86222.46,2203.57,2.3262
2025-03-10,80734.48,2020.43,2.1388
2025-03-11,78595.86,1865.11,2.0216
2025-03-12,82932.99,1923.42,2.171
2025-03-13,83680.12,1908.2,2.2395
2025-03-14,81115.78,1864.59,2.2526
2025-03-15,83983.19,1911.64,2.3564
2025-03-16,84338.44,1937.18,2.3911
2025-03-17,82574.52,1887.01,2.2938
2025-03-18,84010.02,1926.3,2.3381
2025-03-19,82715.03,1931.54,2.2851
2025-03-20,86845.93,2056.05,2.5469
2025-03-21,84223.38,1983.79,2.436
2025-03-22,84088.79,1965.74,2.3809
2025-03-23,83840.59,1980.68,2.3712
2025-03-24,86082.5,2005.99,2.4392
2025-03-25,87498.16,2081.2,2.4501
2025-03-26,87392.88,2066.16,2.4491
2025-03-27,86909.17,2009.52,2.3494
2025-03-28,87232.01,2003.67,2.3411
2025-03-29,84424.38,1896.9,2.2072
2025-03-30,82648.53,1828.09,2.1352
2025-03-31,82390.0,1807.74,2.1371
2025-04-01,82550.0,1822.43,2.0899
2025-04-02,85158.35,1904.98,2.1387
2025-04-03,82516.28,1795.21,2.0237
2025-04-04,83213.09,1817.23,2.0648
2025-04-05,83889.87,1816.88,2.1303
2025-04-06,83537.99,1806.02,2.1443
2025-04-07,78430.0,1580.77,1.9218
2025-04-08,79163.24,1553.04,1.8986
2025-04-09,76322.42,1473.41,1.7965
2025-04-10,82615.22,1669.51,2.0529
2025-04-11,79607.3,1522.24,1.9657
2025-04-12,83423.83,1566.85,2.0225
2025-04-13,85276.91,1644.19,2.1597
2025-04-14,83760.0,1597.76,2.1196
2025-04-15,84591.58,1623.78,2.1276
2025-04-16,83643.99,1588.77,2.0843
2025-04-17,84030.38,1577.15,2.0834
2025-04-18,84947.92,1583.63,2.0673
2025-04-19,84474.7,1588.6,2.0619
2025-04-20,85077.0,1613.26,2.0877
2025-04-21,85179.24,1587.36,2.0786
2025-04-22,87516.22,1579.57,2.0855
2025-04-23,93442.99,1756.25,2.2138
2025-04-24,93691.07,1795.08,2.2183
2025-04-25,93980.47,1769.64,2.2049
2025-04-26,94638.68,1784.6,2.1812
2025-04-27,94628.0,1820.87,2.1912
2025-04-28,93749.29,1791.29,2.2521
2025-04-29,95011.18,1799.88,2.295
2025-04-30,94256.82,1797.81,2.2379
2025-05-01,94172.0,1793.62,2.1907
2025-05-02,96489.9,1838.1,2.2122
2025-05-03,96887.13,1842.2,2.2093
2025-05-04,95856.42,1833.52,2.1872
2025-05-05,94277.61,1808.86,2.1561
2025-05-06,94733.68,1820.19,2.1306
2025-05-07,96834.02,1817.0,2.155
2025-05-08,97030.5,1811.11,2.1264
2025-05-09,103261.61,2207.39,2.3272
2025-05-10,102971.99,2345.04,2.3438
2025-05-11,104809.53,2583.22,2.4711
2025-05-12,104118.0,2514.58,2.3671
2025-05-13,102791.32,2495.48,2.544
2025-05-14,104103.72,2679.71,2.5828
2025-05-15,103507.83,2609.75,2.5504
2025-05-16,103763.71,2548.7,2.3856
2025-05-17,103463.9,2537.13,2.3797
2025-05-18,103126.65,2475.09,2.3531
2025-05-19,106454.27,2497.78,2.428
2025-05-20,105573.73,2528.14,2.3803
2025-05-21,106850.0,2524.19,2.3565
2025-05-22,109643.99,2551.0,2.3953
2025-05-23,111696.22,2664.83,2.4311
2025-05-24,107318.3,2526.49,2.2965
2025-05-25,107761.9,2530.41,2.3304
2025-05-26,109004.2,2551.22,2.3416
2025-05-27,109434.78,2563.7,2.3103
2025-05-28,108938.17,2660.81,2.3167
2025-05-29,107781.78,2681.61,2.2742
2025-05-30,105589.75,2631.39,2.2441
2025-05-31,103985.47,2531.35,2.1397
2025-06-01,104591.88,2528.06,2.1739
2025-06-02,105642.93,2539.2,2.1792
2025-06-03,105858.0,2607.42,2.1965
2025-06-04,105376.9,2593.35,2.2445
2025-06-05,104696.86,2607.68,2.2009
2025-06-06,101508.69,2414.02,2.0936
2025-06-07,104288.43,2476.1,2.1598
2025-06-08,105552.15,2524.64,2.1768
2025-06-09,105734.01,2509.84,2.2669
2025-06-10,110263.02,2680.13,2.321
2025-06-11,110274.39,2816.41,2.3074
2025-06-12,108645.13,2771.6,2.2704
2025-06-13,105671.74,2642.66,2.19
2025-06-14,106066.59,2579.19,2.1473
2025-06-15,105414.63,2530.77,2.1393
2025-06-16,105594.02,2547.62,2.1655
2025-06-17,106794.53,2544.17,2.2379
2025-06-18,104551.17,2509.95,2.1591
2025-06-19,104886.79,2525.0,2.1704
2025-06-20,104658.59,2521.13,2.1647
2025-06-21,103297.98,2406.49,2.1195
2025-06-22,102120.02,2295.72,2.0632
2025-06-23,100963.87,2227.7,2.0173
2025-06-24,105333.94,2411.66,2.1584
2025-06-25,106083.0,2448.46,2.1897
2025-06-26,107340.59,2418.5,2.1858
2025-06-27,106947.06,2415.96,2.1053
2025-06-28,107047.58,2423.17,2.142
2025-06-29,107296.79,2435.62,2.1855
2025-06-30,108356.93,2500.09,2.2062
2025-07-01,107146.51,2485.47,2.2362
2025-07-02,105681.13,2405.01,2.1719
2025-07-03,108849.59,2570.41,2.2335
2025-07-04,109584.77,2591.26,2.2569
2025-07-05,107984.25,2508.04,2.2205
2025-07-06,108198.12,2516.42,2.2177
2025-07-07,109203.85,2570.35,2.2709
2025-07-08,108262.94,2542.3,2.2707
2025-07-09,108922.99,2615.25,2.3109
2025-07-10,111234.0,2768.74,2.4038
2025-07-11,116010.01,2951.29,2.5471
2025-07-12,117527.66,2958.21,2.7323
2025-07-13,117420.0,2943.29,2.7395
2025-07-14,119086.65,2972.03,2.8361
2025-07-15,119841.17,3013.61,2.9582
2025-07-16,117758.08,3137.9,2.9189
2025-07-17,118630.44,3371.35,3.038
2025-07-18,119177.56,3476.88,3.4813
2025-07-19,117924.84,3546.92,3.4136
2025-07-20,117840.01,3592.0,3.4243
2025-07-21,117265.11,3756.69,3.4541
2025-07-22,117380.36,3762.32,3.5494
2025-07-23,119954.43,3746.21,3.5504
2025-07-24,118756.0,3628.29,3.1839
2025-07-25,118340.98,3706.95,3.1454
2025-07-26,117614.31,3724.97,3.1422
2025-07-27,117919.99,3741.11,3.1662
2025-07-28,119415.56,3872.11,3.239
2025-07-29,118062.32,3799.0,3.1235
2025-07-30,117950.75,3793.79,3.1281
2025-07-31,117840.29,3810.0,3.0967
2025-08-01,115764.07,3698.39,3.0223
2025-08-02,113297.92,3488.21,2.9614
2025-08-03,112546.35,3393.94,2.7695
2025-08-04,114208.81,3496.75,2.9481
2025-08-05,115055.03,3720.99,3.0715
2025-08-06,114129.75,3612.01,2.9622
2025-08-07,114992.27,3683.31,2.9908
2025-08-08,117472.02,3910.3,3.3196
2025-08-09,116674.74,4009.51,3.2858
2025-08-10,116462.25,4260.63,3.2259
2025-08-11,119294.27,4250.58,3.1869
2025-08-12,118686.0,4223.22,3.1295
2025-08-13,120134.09,4590.52,3.2675
2025-08-14,123306.44,4749.31,3.2744
2025-08-15,118295.09,4546.84,3.0792
2025-08-16,117342.04,4439.47,3.0778
2025-08-17,117380.66,4422.0,3.1056
2025-08-18,117405.01,4472.34,3.0877
2025-08-19,116227.05,4312.99,3.0616
2025-08-20,112872.95,4075.58,2.8608
2025-08-21,114271.23,4336.16,2.9512
2025-08-22,112500.0,4225.3,2.8518
2025-08-23,116936.0,4832.07,3.0745
2025-08-24,115438.06,4778.4,3.0486
2025-08-25,113493.59,4780.15,3.0259
2025-08-26,110111.98,4376.17,2.8584
2025-08-27,111763.22,4600.63,3.0123
2025-08-28,111262.01,4506.71,2.9688
2025-08-29,112566.9,4511.2,2.9665
2025-08-30,108377.4,4360.18,2.8195
2025-08-31,108816.33,4373.7,2.818
2025-09-01,108246.36,4391.83,2.7757
2025-09-02,109237.43,4314.5,2.7589
2025-09-03,111240.01,4326.49,2.862
2025-09-04,111705.72,4450.46,2.8442
2025-09-05,110730.87,4297.56,2.7947
2025-09-06,110660.0,4307.46,2.8146
2025-09-07,110187.98,4273.15,2.8098
2025-09-08,111137.35,4306.19,2.877
2025-09-09,112065.23,4306.36,2.9698
2025-09-10,111546.38,4310.08,2.9474
2025-09-11,113960.0,4349.33,2.9834
2025-09-12,115482.69,4458.83,3.0398
2025-09-13,116029.41,4712.16,3.1054
2025-09-14,115918.29,4666.54,3.1193
2025-09-15,115268.01,4604.48,3.028
2025-09-16,115349.71,4523.74,2.9969
2025-09-17,116788.96,4501.3,3.0376
2025-09-18,116447.6,4590.54,3.0841
2025-09-19,117073.53,4587.66,3.0735
2025-09-20,115632.39,4468.59,2.99
2025-09-21,115685.63,4480.41,2.975
2025-09-22,115232.29,4444.98,2.9701
2025-09-23,112650.99,4199.09,2.8525
2025-09-24,111998.8,4164.25,2.8247
2025-09-25,113307.01,4152.81,2.9257
2025-09-26,108994.49,3874.35,2.7435
2025-09-27,109643.46,4032.24,2.7836
2025-09-28,109635.85,4018.39,2.8047
2025-09-29,112163.96,4142.16,2.8675
2025-09-30,114311.97,4215.07,2.8801
2025-10-01,114048.94,4145.15,2.8468
2025-10-02,118594.99,4348.03,2.9485
2025-10-03,120529.35,4484.35,3.0388
2025-10-04,122232.21,4512.88,3.0402
2025-10-05,122390.99,4487.16,2.9685
2025-10-06,123482.32,4514.32,2.9697
2025-10-07,124658.54,4684.02,2.9883
2025-10-08,121332.96,4447.7,2.8521
2025-10-09,123306.01,4525.72,2.8797
2025-10-10,121662.41,4368.09,2.8021
2025-10-11,112774.49,3829.72,2.3704
2025-10-12,110644.4,3746.8,2.3819
2025-10-13,114958.81,4152.29,2.5283
2025-10-14,115166.0,4240.86,2.6052
2025-10-15,113028.13,4125.01,2.5033
2025-10-16,110763.28,3985.61,2.411
2025-10-17,108194.27,3894.5,2.328
2025-10-18,106431.68,3831.58,2.2936
2025-10-19,107185.0,3889.2,2.3596
2025-10-20,108642.77,3982.58,2.3907
2025-10-21,110532.09,3979.22,2.4948
2025-10-22,108297.66,3873.04,2.4221
2025-10-23,107567.45,3805.53,2.3647
2025-10-24,110078.19,3856.8,2.3948
2025-10-25,111004.9,3934.88,2.5103
2025-10-26,111646.27,3953.81,2.5958
2025-10-27,114559.41,4158.46,2.646
2025-10-28,114107.65,4120.16,2.634
2025-10-29,112898.44,3979.19,2.6034
2025-10-30,110021.3,3903.0,2.5502
2025-10-31,108322.87,3804.95,2.4393
2025-11-01,109608.01,3848.0,2.5096
2025-11-02,110098.1,3873.78,2.5053
2025-11-03,110540.69,3906.58,2.5267
2025-11-04,106583.05,3603.84,2.3095
2025-11-05,101497.23,3287.05,2.2053
2025-11-06,103885.16,3424.29,2.3432
2025-11-07,101346.04,3315.14,2.213
2025-11-08,103339.09,3436.04,2.3155
2025-11-09,102312.95,3401.51,2.2864
2025-11-10,104722.95,3583.46,2.3662
2025-11-11,106011.13,3567.85,2.526
2025-11-12,103059.0,3417.76,2.3915
2025-11-13,101654.37,3414.91,2.3878
2025-11-14,99692.03,3231.55,2.3225
2025-11-15,94594.0,3112.4,2.2443
2025-11-16,95596.23,3167.87,2.2372
2025-11-17,94261.45,3095.29,2.2148
2025-11-18,92215.14,3031.44,2.1637
2025-11-19,92960.83,3123.65,2.2171
2025-11-20,91554.96,3025.48,2.1097
2025-11-21,86637.22,2834.21,1.9998
2025-11-22,85129.42,2765.86,1.9509
2025-11-23,84739.75,2770.12,1.9508
2025-11-24,86830.0,2802.16,2.0491
2025-11-25,88300.01,2953.38,2.2276
2025-11-26,87369.97,2959.36,2.2023
2025-11-27,90484.01,3026.56,2.2232
2025-11-28,91333.94,3015.23,2.2
2025-11-29,90890.71,3031.14,2.1795
2025-11-30,90802.44,2989.17,2.201
2025-12-01,90360.01,2991.25,2.1549
2025-12-02,86286.01,2799.07,2.0297
2025-12-03,91277.88,2996.07,2.1531
2025-12-04,93429.95,3188.39,2.1976
2025-12-05,92078.06,3133.26,2.096
2025-12-06,89330.04,3021.77,2.0344
2025-12-07,89236.8,3038.06,2.031
2025-12-08,90395.32,3059.86,2.0442
2025-12-09,90634.35,3124.16,2.0723
2025-12-10,92678.81,3318.04,2.1061
2025-12-11,92015.38,3324.14,2.0418
2025-12-12,92513.38,3237.38,2.034
2025-12-13,90268.43,3084.86,2.0075
2025-12-14,90240.0,3114.64,2.0226
2025-12-15,88172.16,3063.49,1.9784
2025-12-16,86432.08,2964.85,1.8981
2025-12-17,87863.43,2962.3,1.9297
2025-12-18,86243.23,2833.5,1.8627
2025-12-19,85516.41,2828.56,1.8076
2025-12-20,88136.95,2979.49,1.9092
2025-12-21,88360.91,2977.93,1.9335
2025-12-22,88658.87,3002.03,1.9224
2025-12-23,88620.79,3009.48,1.9044
2025-12-24,87486.0,2965.03,1.8734
2025-12-25,87669.44,2947.48,1.8627
2025-12-26,87225.27,2903.9,1.8325
2025-12-27,87369.56,2928.0,1.8437
2025-12-28,87877.0,2949.05,1.8734
2025-12-29,87952.71,2950.91,1.8655
2025-12-30,87237.13,2937.91,1.8508
2025-12-31,88485.5,2973.69,1.8776
2026-01-01,87648.21,2971.65,1.8424
2026-01-02,88839.05,3004.19,1.8799
2026-01-03,89995.14,3125.46,2.0068
2026-01-04,90628.01,3127.11,2.0182
2026-01-05,91529.74,3144.71,2.0908
2026-01-06,93859.71,3224.99,2.3479
2026-01-07,93747.97,3296.83,2.3042
2026-01-08,91364.16,3168.72,2.1658
2026-01-09,91100.0,3106.66,2.1232
2026-01-10,90641.27,3088.4,2.0958
2026-01-11,90504.7,3086.72,2.0907
2026-01-12,91013.66,3123.46,2.0745
2026-01-13,91296.2,3095.75,2.0541
2026-01-14,95413.99,3325.83,2.1656
2026-01-15,96951.78,3354.92,2.1393
2026-01-16,95604.81,3318.7,2.0789
2026-01-17,95550.94,3296.28,2.0678
2026-01-18,95147.77,3310.56,2.0632
2026-01-19,93673.14,3284.04,1.9914
2026-01-20,92630.99,3189.56,1.9861
2026-01-21,88427.66,2939.88,1.89
2026-01-22,89454.73,2982.28,1.9475
2026-01-23,89559.68,2952.7,1.9237
2026-01-24,89600.26,2956.41,1.9197
2026-01-25,89225.34,2953.23,1.9143
2026-01-26,86670.36,2816.9,1.8356
2026-01-27,88347.08,2930.35,1.9042
2026-01-28,89249.99,3026.77,1.9157
2026-01-29,89300.0,3010.78,1.9112
2026-01-30,84650.16,2822.6,1.8077
2026-01-31,84260.5,2707.37,1.7353
2026-02-01,78741.1,2451.96,1.6472
2026-02-02,76968.22,2270.16,1.5908
2026-02-03,78738.6,2347.01,1.6199
2026-02-04,75770.21,2233.72,1.579
2026-02-05,73165.84,2148.25,1.512
2026-02-06,62909.87,1826.83,1.2145
2026-02-07,70580.26,2063.37,1.4697
2026-02-08,69289.37,2087.08,1.4231
2026-02-09,70330.38,2089.73,1.4308
2026-02-10,70138.0,2105.02,1.437
2026-02-11,68841.28,2022.67,1.3998
2026-02-12,67082.52,1941.19,1.3697
2026-02-13,66272.17,1947.85,1.3635
2026-02-14,68853.97,2048.72,1.407
2026-02-15,69822.94,2086.59,1.5094
2026-02-16,68832.59,1966.59,1.4753
2026-02-17,68892.43,1998.34,1.4876
2026-02-18,67503.52,1991.67,1.4742
2026-02-19,66461.0,1955.9,1.422
2026-02-20,67003.73,1949.08,1.4068
2026-02-21,68020.0,1968.88,1.4292
2026-02-22,67975.93,1973.35,1.4303
2026-02-23,67643.39,1957.82,1.3932
2026-02-24,64656.01,1856.3,1.3519
2026-02-25,64058.15,1851.95,1.3483
2026-02-26,67988.04,2057.48,1.4338
2026-02-27,67485.19,2027.68,1.4027
2026-02-28,65872.09,1929.84,1.3562
2026-03-01,66973.26,1964.51,1.3761
2026-03-02,65776.48,1939.71,1.3525
2026-03-03,68830.06,2027.34,1.3901
2026-03-04,68338.01,1982.81,1.3607
2026-03-05,72666.77,2127.28,1.4309
2026-03-06,70891.02,2072.86,1.4038
2026-03-07,68114.02,1978.68,1.3632
2026-03-08,67262.91,1969.6,1.3568
2026-03-09,65971.2,1937.11,1.3401
2026-03-10,68432.16,1992.97,1.3631
2026-03-11,69948.64,2036.5,1.3864
2026-03-12,70191.86,2051.97,1.3847
2026-03-13,70541.34,2073.51,1.3846
2026-03-14,70930.01,2092.21,1.3988
2026-03-15,71211.95,2096.16,1.4063
2026-03-16,72815.25,2178.29,1.4488
2026-03-17,74884.67,2352.97,1.5429
2026-03-18,73909.37,2317.38,1.5182
2026-03-19,71246.55,2203.39,1.4648
2026-03-20,69930.01,2137.82,1.4475
2026-03-21,70510.73,2146.21,1.4452
2026-03-22,68918.12,2084.86,1.4087
2026-03-23,67859.0,2053.9,1.3849
2026-03-24,70906.45,2152.03,1.4323
2026-03-25,70556.74,2156.22,1.416
2026-03-26,71336.53,2169.02,1.4145
2026-03-27,68820.31,2060.43,1.3608
2026-03-28,66407.28,1992.76,1.3256
2026-03-29,66377.04,1994.74,1.3333
2026-03-30,66010.93,1984.65,1.3279
2026-03-31,66797.38,2026.48,1.3242
2026-04-01,68284.49,2105.43,1.341
2026-04-02,68113.92,2140.35,1.3477
2026-04-03,66901.99,2057.18,1.32
2026-04-04,66964.29,2053.83,1.3183
2026-04-05,67300.42,2065.51,1.3154
2026-04-06,69034.18,2110.17,1.3264
2026-04-07,68853.66,2107.16,1.3211
2026-04-08,71924.22,2240.01,1.3786
2026-04-09,71069.93,2190.0,1.3428
2026-04-10,71787.98,2190.17,1.3438
2026-04-11,72962.71,2245.06,1.3559
2026-04-12,73043.16,2285.0,1.3547
2026-04-13,70741.56,2191.64,1.3246
2026-04-14,74418.0,2369.46,1.3757
2026-04-15,74131.55,2322.44,1.3617
2026-04-16,74809.99,2359.94,1.3922
2026-04-17,75154.28,2348.16,1.453
2026-04-18,77072.01,2419.0,1.4757
2026-04-19,75691.76,2350.33,1.4324
2026-04-20,73801.8,2263.28,1.3943
2026-04-21,75840.97,2313.84,1.4244
2026-04-22,76336.14,2327.15,1.4335
2026-04-23,78178.22,2374.08,1.4293
2026-04-24,78257.48,2330.27,1.4386
2026-04-25,77437.13,2314.98,1.4333
2026-04-26,77625.0,2319.49,1.4238
2026-04-27,78657.55,2369.45,1.4308
2026-04-28,77371.32,2303.66,1.4008
2026-04-29,76342.78,2289.42,1.3806
2026-04-30,75780.0,2252.9,1.3692
2026-05-01,76346.58,2257.51,1.368
2026-05-02,78231.13,2295.63,1.3858
2026-05-03,78686.84,2316.97,1.3936
2026-05-04,78568.58,2322.65,1.3879
2026-05-05,79861.01,2347.17,1.3919
2026-05-06,80905.53,2360.76,1.4126
2026-05-07,81447.01,2350.84,1.4249
2026-05-08,80006.0,2291.06,1.3869
2026-05-09,80193.18,2307.07,1.4182
2026-05-10,80678.41,2326.43,1.4205
2026-05-11,82210.07,2371.26,1.4735
2026-05-12,81745.66,2339.88,1.4777
2026-05-13,80504.47,2274.97,1.437
2026-05-14,79313.61,2258.66,1.4272
2026-05-15,81090.0,2283.26,1.4851
2026-05-16,79113.2,2224.65,1.434
2026-05-17,78148.05,2180.77,1.4136
2026-05-18,77457.67,2131.0,1.4017
2026-05-19,77001.88,2130.08,1.3901
2026-05-20,76834.36,2111.93,1.3616
2026-05-21,77552.24,2129.44,1.3672
2026-05-22,77615.52,2133.77,1.3739
2026-05-23,75539.5,2065.86,1.3346
2026-05-24,76752.0,2117.69,1.3584
2026-05-25,77064.96,2099.86,1.351
2026-05-26,77322.01,2113.01,1.3503
2026-05-27,75930.01,2073.77,1.3293
2026-05-28,74449.31,2024.83,1.3076
2026-05-29,73617.52,2009.89,1.3156
2026-05-30,73460.78,2014.54,1.33
2026-05-31,73884.38,2022.44,1.3409
