,equity
2021-06-30,1.0
2021-07-01,1.0
2021-07-02,1.0
2021-07-03,1.0
2021-07-04,1.0
2021-07-05,1.0
2021-07-06,1.0
2021-07-07,1.0
2021-07-08,1.0
2021-07-09,1.0
2021-07-10,1.0
2021-07-11,1.0
2021-07-12,1.0
2021-07-13,1.0
2021-07-14,1.0
2021-07-15,1.0
2021-07-16,1.0
2021-07-17,1.0
2021-07-18,1.0
2021-07-19,1.0
2021-07-20,1.0
2021-07-21,1.0
2021-07-22,1.0
2021-07-23,1.0
2021-07-24,1.0
2021-07-25,1.0
2021-07-26,1.0
2021-07-27,1.0
2021-07-28,1.0
2021-07-29,1.0
2021-07-30,1.0
2021-07-31,1.0
2021-08-01,1.0
2021-08-02,1.0
2021-08-03,1.0
2021-08-04,1.0
2021-08-05,1.0
2021-08-06,1.0
2021-08-07,1.0
2021-08-08,1.0
2021-08-09,1.0
2021-08-10,1.0
2021-08-11,1.0599294402837929
2021-08-12,1.0401583358676114
2021-08-13,1.0952952809922887
2021-08-14,1.1792669379509024
2021-08-15,1.1813995514609625
2021-08-16,1.1376809745047316
2021-08-17,1.0987163484980098
2021-08-18,1.1188428884992012
2021-08-19,1.1595402629828468
2021-08-20,1.1720693673544496
2021-08-21,1.1511430972869856
2021-08-22,1.1556749009958631
2021-08-23,1.1644275022767347
2021-08-24,1.115377391545354
2021-08-25,1.1323494407295818
2021-08-26,1.0868981152964272
2021-08-27,1.1404800297366855
2021-08-28,1.1200869130467364
2021-08-29,1.1178210111922977
2021-08-30,1.0997826552530399
2021-08-31,1.137725403952858
2021-09-01,1.1408610789467988
2021-09-02,1.1440577041364883
2021-09-03,1.1510491533817742
2021-09-04,1.1443381098548822
2021-09-05,1.1542083911423442
2021-09-06,1.169499849652087
2021-09-07,1.1208588043680396
2021-09-08,1.115362852287521
2021-09-09,1.1129326693947745
2021-09-10,1.1070254555939447
2021-09-11,1.111418478515448
2021-09-12,1.1187838020519254
2021-09-13,1.1087265836188673
2021-09-14,1.1147085722779353
2021-09-15,1.1192698386304747
2021-09-16,1.1135682556898006
2021-09-17,1.1090630704809399
2021-09-18,1.1107455047913029
2021-09-19,1.1057355892893332
2021-09-20,1.0820506529423355
2021-09-21,1.0732085259556505
2021-09-22,1.0710034655303908
2021-09-23,1.0710034655303908
2021-09-24,1.0710034655303908
2021-09-25,1.0710034655303908
2021-09-26,1.0710034655303908
2021-09-27,1.0710034655303908
2021-09-28,1.0710034655303908
2021-09-29,1.0710034655303908
2021-09-30,1.0710034655303908
2021-10-01,1.0710034655303908
2021-10-02,1.0710034655303908
2021-10-03,1.0710034655303908
2021-10-04,1.0710034655303908
2021-10-05,1.0710034655303908
2021-10-06,1.0710034655303908
2021-10-07,1.0710034655303908
2021-10-08,1.0710034655303908
2021-10-09,1.0710034655303908
2021-10-10,1.0710034655303908
2021-10-11,1.0710034655303908
2021-10-12,1.0710034655303908
2021-10-13,1.0713599759541217
2021-10-14,1.0730487642730795
2021-10-15,1.0751805134625836
2021-10-16,1.0732425596539434
2021-10-17,1.0621962229446944
2021-10-18,1.0589570715788246
2021-10-19,1.0612826161491926
2021-10-20,1.0763432857477673
2021-10-21,1.0605904897889638
2021-10-22,1.0605628047345546
2021-10-23,1.0619193724006026
2021-10-24,1.0587909612523694
2021-10-25,1.0623900183255581
2021-10-26,1.0658229650722921
2021-10-27,1.0346772788620038
2021-10-28,1.052091178085356
2021-10-29,1.0589017014700057
2021-10-30,1.0594830876125978
2021-10-31,1.0672902729559766
2021-11-01,1.0613933563668287
2021-11-02,1.0734086699803977
2021-11-03,1.0994121159492485
2021-11-04,1.0959589943355803
2021-11-05,1.0809005361646362
2021-11-06,1.0783729935401989
2021-11-07,1.1028652375629162
2021-11-08,1.1248299389611967
2021-11-09,1.1161437361391864
2021-11-10,1.0923278767624447
2021-11-11,1.1008716828168812
2021-11-12,1.0916514921164684
2021-11-13,1.0919718848435096
2021-11-14,1.0915090953488944
2021-11-15,1.0858488238378303
2021-11-16,1.0558387050716225
2021-11-17,1.0585442436555272
2021-11-18,1.0390714856897911
2021-11-19,1.0563726929500248
2021-11-20,1.0589714339582492
2021-11-21,1.0448741539684292
2021-11-22,1.0372203277113299
2021-11-23,1.0481492796226297
2021-11-24,1.0323397432783188
2021-11-25,1.0373302975757612
2021-11-26,0.990811202160316
2021-11-27,0.9933955963500629
2021-11-28,1.0038668486705893
2021-11-29,1.0132686964988067
2021-11-30,1.0170561707424013
2021-12-01,1.0133132550193196
2021-12-02,1.0051590457654627
2021-12-03,0.982656992906459
2021-12-04,0.9487034002756456
2021-12-05,0.9307017579884426
2021-12-06,0.9400590472961471
2021-12-07,0.9355586367243462
2021-12-08,0.9564120243243734
2021-12-09,0.954674242024371
2021-12-10,0.9283401564012599
2021-12-11,0.9461635646064112
2021-12-12,0.946208123126924
2021-12-13,0.9205869738320188
2021-12-14,0.9332861521781893
2021-12-15,0.922847852343793
2021-12-16,0.922847852343793
2021-12-17,0.922847852343793
2021-12-18,0.922847852343793
2021-12-19,0.922847852343793
2021-12-20,0.922847852343793
2021-12-21,0.922847852343793
2021-12-22,0.922847852343793
2021-12-23,0.922847852343793
2021-12-24,0.922847852343793
2021-12-25,0.922847852343793
2021-12-26,0.922847852343793
2021-12-27,0.922847852343793
2021-12-28,0.922847852343793
2021-12-29,0.922847852343793
2021-12-30,0.922847852343793
2021-12-31,0.922847852343793
2022-01-01,0.922847852343793
2022-01-02,0.922847852343793
2022-01-03,0.922847852343793
2022-01-04,0.922847852343793
2022-01-05,0.922847852343793
2022-01-06,0.922847852343793
2022-01-07,0.922847852343793
2022-01-08,0.922847852343793
2022-01-09,0.922847852343793
2022-01-10,0.922847852343793
2022-01-11,0.922847852343793
2022-01-12,0.922847852343793
2022-01-13,0.922847852343793
2022-01-14,0.922847852343793
2022-01-15,0.922847852343793
2022-01-16,0.922847852343793
2022-01-17,0.922847852343793
2022-01-18,0.922847852343793
2022-01-19,0.922847852343793
2022-01-20,0.922847852343793
2022-01-21,0.922847852343793
2022-01-22,0.922847852343793
2022-01-23,0.922847852343793
2022-01-24,0.922847852343793
2022-01-25,0.922847852343793
2022-01-26,0.922847852343793
2022-01-27,0.922847852343793
2022-01-28,0.922847852343793
2022-01-29,0.922847852343793
2022-01-30,0.922847852343793
2022-01-31,0.922847852343793
2022-02-01,0.922847852343793
2022-02-02,0.922847852343793
2022-02-03,0.922847852343793
2022-02-04,0.922847852343793
2022-02-05,0.922847852343793
2022-02-06,0.922847852343793
2022-02-07,0.922847852343793
2022-02-08,0.922847852343793
2022-02-09,0.922847852343793
2022-02-10,0.922847852343793
2022-02-11,0.922847852343793
2022-02-12,0.922847852343793
2022-02-13,0.922847852343793
2022-02-14,0.922847852343793
2022-02-15,0.922847852343793
2022-02-16,0.922847852343793
2022-02-17,0.922847852343793
2022-02-18,0.922847852343793
2022-02-19,0.922847852343793
2022-02-20,0.922847852343793
2022-02-21,0.922847852343793
2022-02-22,0.922847852343793
2022-02-23,0.922847852343793
2022-02-24,0.922847852343793
2022-02-25,0.922847852343793
2022-02-26,0.922847852343793
2022-02-27,0.922847852343793
2022-02-28,0.922847852343793
2022-03-01,0.922847852343793
2022-03-02,0.922847852343793
2022-03-03,0.922847852343793
2022-03-04,0.922847852343793
2022-03-05,0.922847852343793
2022-03-06,0.922847852343793
2022-03-07,0.922847852343793
2022-03-08,0.922847852343793
2022-03-09,0.922847852343793
2022-03-10,0.922847852343793
2022-03-11,0.922847852343793
2022-03-12,0.922847852343793
2022-03-13,0.922847852343793
2022-03-14,0.922847852343793
2022-03-15,0.922847852343793
2022-03-16,0.922847852343793
2022-03-17,0.922847852343793
2022-03-18,0.922847852343793
2022-03-19,0.922847852343793
2022-03-20,0.922847852343793
2022-03-21,0.922847852343793
2022-03-22,0.922847852343793
2022-03-23,0.922847852343793
2022-03-24,0.922847852343793
2022-03-25,0.922847852343793
2022-03-26,0.922847852343793
2022-03-27,0.922847852343793
2022-03-28,0.922847852343793
2022-03-29,0.922847852343793
2022-03-30,0.922847852343793
2022-03-31,0.922847852343793
2022-04-01,0.922847852343793
2022-04-02,0.922847852343793
2022-04-03,0.922847852343793
2022-04-04,0.922847852343793
2022-04-05,0.922847852343793
2022-04-06,0.922847852343793
2022-04-07,0.922847852343793
2022-04-08,0.922847852343793
2022-04-09,0.922847852343793
2022-04-10,0.922847852343793
2022-04-11,0.8425121419581185
2022-04-12,0.8592394867809036
2022-04-13,0.8657992298486624
2022-04-14,0.868259133499072
2022-04-15,0.9171292193538756
2022-04-16,0.9130293799365262
2022-04-17,0.8893323081042472
2022-04-18,0.9040917300067045
2022-04-19,0.9081915694240539
2022-04-20,0.8891683145275532
2022-04-21,0.8736709215299729
2022-04-22,0.8614534000662721
2022-04-23,0.8514497918879399
2022-04-24,0.845218035973569
2022-04-25,0.8411181965562197
2022-04-26,0.7992178377109099
2022-04-27,0.8075815101223025
2022-04-28,0.7998738120176859
2022-04-29,0.7742908140534264
2022-04-30,0.7520696844113933
2022-05-01,0.770518961789465
2022-05-02,0.7475917481266873
2022-05-03,0.7475917481266873
2022-05-04,0.7475917481266873
2022-05-05,0.7475917481266873
2022-05-06,0.7475917481266873
2022-05-07,0.7475917481266873
2022-05-08,0.7475917481266873
2022-05-09,0.7475917481266873
2022-05-10,0.7475917481266873
2022-05-11,0.7475917481266873
2022-05-12,0.7475917481266873
2022-05-13,0.7475917481266873
2022-05-14,0.7475917481266873
2022-05-15,0.7475917481266873
2022-05-16,0.7475917481266873
2022-05-17,0.7475917481266873
2022-05-18,0.7475917481266873
2022-05-19,0.7475917481266873
2022-05-20,0.7475917481266873
2022-05-21,0.7475917481266873
2022-05-22,0.7475917481266873
2022-05-23,0.7475917481266873
2022-05-24,0.7475917481266873
2022-05-25,0.7475917481266873
2022-05-26,0.7475917481266873
2022-05-27,0.7475917481266873
2022-05-28,0.7475917481266873
2022-05-29,0.7475917481266873
2022-05-30,0.7475917481266873
2022-05-31,0.7475917481266873
2022-06-01,0.7475917481266873
2022-06-02,0.7475917481266873
2022-06-03,0.7475917481266873
2022-06-04,0.7475917481266873
2022-06-05,0.7475917481266873
2022-06-06,0.7475917481266873
2022-06-07,0.7475917481266873
2022-06-08,0.7475917481266873
2022-06-09,0.7475917481266873
2022-06-10,0.7475917481266873
2022-06-11,0.7475917481266873
2022-06-12,0.7475917481266873
2022-06-13,0.7475917481266873
2022-06-14,0.7475917481266873
2022-06-15,0.7475917481266873
2022-06-16,0.7475917481266873
2022-06-17,0.7475917481266873
2022-06-18,0.7475917481266873
2022-06-19,0.7475917481266873
2022-06-20,0.7475917481266873
2022-06-21,0.7475917481266873
2022-06-22,0.7475917481266873
2022-06-23,0.7475917481266873
2022-06-24,0.7475917481266873
2022-06-25,0.7475917481266873
2022-06-26,0.7475917481266873
2022-06-27,0.7475917481266873
2022-06-28,0.7475917481266873
2022-06-29,0.7475917481266873
2022-06-30,0.7475917481266873
2022-07-01,0.7475917481266873
2022-07-02,0.7475917481266873
2022-07-03,0.7475917481266873
2022-07-04,0.7475917481266873
2022-07-05,0.7475917481266873
2022-07-06,0.7475917481266873
2022-07-07,0.7475917481266873
2022-07-08,0.7475917481266873
2022-07-09,0.7475917481266873
2022-07-10,0.7475917481266873
2022-07-11,0.7475917481266873
2022-07-12,0.7475917481266873
2022-07-13,0.7475917481266873
2022-07-14,0.7475917481266873
2022-07-15,0.7475917481266873
2022-07-16,0.7475917481266873
2022-07-17,0.7475917481266873
2022-07-18,0.7475917481266873
2022-07-19,0.7475917481266873
2022-07-20,0.7475917481266873
2022-07-21,0.7475917481266873
2022-07-22,0.7475917481266873
2022-07-23,0.7475917481266873
2022-07-24,0.7475917481266873
2022-07-25,0.7475917481266873
2022-07-26,0.7475917481266873
2022-07-27,0.7475917481266873
2022-07-28,0.7475917481266873
2022-07-29,0.7475917481266873
2022-07-30,0.7475917481266873
2022-07-31,0.7475917481266873
2022-08-01,0.7475917481266873
2022-08-02,0.7475917481266873
2022-08-03,0.7475917481266873
2022-08-04,0.7475917481266873
2022-08-05,0.7475917481266873
2022-08-06,0.7475917481266873
2022-08-07,0.7475917481266873
2022-08-08,0.7475917481266873
2022-08-09,0.7475917481266873
2022-08-10,0.7475917481266873
2022-08-11,0.7475917481266873
2022-08-12,0.7475917481266873
2022-08-13,0.7475917481266873
2022-08-14,0.7475917481266873
2022-08-15,0.7475917481266873
2022-08-16,0.7475917481266873
2022-08-17,0.7475917481266873
2022-08-18,0.7475917481266873
2022-08-19,0.7475917481266873
2022-08-20,0.7475917481266873
2022-08-21,0.7475917481266873
2022-08-22,0.7475917481266873
2022-08-23,0.7475917481266873
2022-08-24,0.7475917481266873
2022-08-25,0.7475917481266873
2022-08-26,0.7475917481266873
2022-08-27,0.7475917481266873
2022-08-28,0.7475917481266873
2022-08-29,0.7475917481266873
2022-08-30,0.7475917481266873
2022-08-31,0.7475917481266873
2022-09-01,0.7475917481266873
2022-09-02,0.7475917481266873
2022-09-03,0.7475917481266873
2022-09-04,0.7475917481266873
2022-09-05,0.7475917481266873
2022-09-06,0.7475917481266873
2022-09-07,0.7475917481266873
2022-09-08,0.7475917481266873
2022-09-09,0.7475917481266873
2022-09-10,0.7475917481266873
2022-09-11,0.7475917481266873
2022-09-12,0.7475917481266873
2022-09-13,0.7475917481266873
2022-09-14,0.7475917481266873
2022-09-15,0.7475917481266873
2022-09-16,0.7475917481266873
2022-09-17,0.7475917481266873
2022-09-18,0.7475917481266873
2022-09-19,0.7475917481266873
2022-09-20,0.7475917481266873
2022-09-21,0.7475917481266873
2022-09-22,0.7475917481266873
2022-09-23,0.7475917481266873
2022-09-24,0.7475917481266873
2022-09-25,0.7475917481266873
2022-09-26,0.7475917481266873
2022-09-27,0.7475917481266873
2022-09-28,0.7475917481266873
2022-09-29,0.7475917481266873
2022-09-30,0.7475917481266873
2022-10-01,0.7475917481266873
2022-10-02,0.7475917481266873
2022-10-03,0.7475917481266873
2022-10-04,0.7475917481266873
2022-10-05,0.7475917481266873
2022-10-06,0.7475917481266873
2022-10-07,0.7475917481266873
2022-10-08,0.7475917481266873
2022-10-09,0.7475917481266873
2022-10-10,0.7475917481266873
2022-10-11,0.7475917481266873
2022-10-12,0.7475917481266873
2022-10-13,0.7475917481266873
2022-10-14,0.7475917481266873
2022-10-15,0.7475917481266873
2022-10-16,0.7475917481266873
2022-10-17,0.7475917481266873
2022-10-18,0.7475917481266873
2022-10-19,0.7475917481266873
2022-10-20,0.7475917481266873
2022-10-21,0.7475917481266873
2022-10-22,0.7475917481266873
2022-10-23,0.7475917481266873
2022-10-24,0.7475917481266873
2022-10-25,0.7475917481266873
2022-10-26,0.7475917481266873
2022-10-27,0.7475917481266873
2022-10-28,0.7475917481266873
2022-10-29,0.7475917481266873
2022-10-30,0.7475917481266873
2022-10-31,0.7475917481266873
2022-11-01,0.7475917481266873
2022-11-02,0.7475917481266873
2022-11-03,0.7475917481266873
2022-11-04,0.7475917481266873
2022-11-05,0.7475917481266873
2022-11-06,0.7475917481266873
2022-11-07,0.7475917481266873
2022-11-08,0.7475917481266873
2022-11-09,0.7475917481266873
2022-11-10,0.7475917481266873
2022-11-11,0.7475917481266873
2022-11-12,0.7475917481266873
2022-11-13,0.7475917481266873
2022-11-14,0.7475917481266873
2022-11-15,0.7475917481266873
2022-11-16,0.7475917481266873
2022-11-17,0.7475917481266873
2022-11-18,0.7475917481266873
2022-11-19,0.7475917481266873
2022-11-20,0.7475917481266873
2022-11-21,0.7475917481266873
2022-11-22,0.7475917481266873
2022-11-23,0.7475917481266873
2022-11-24,0.7475917481266873
2022-11-25,0.7475917481266873
2022-11-26,0.7475917481266873
2022-11-27,0.7475917481266873
2022-11-28,0.7475917481266873
2022-11-29,0.7475917481266873
2022-11-30,0.7475917481266873
2022-12-01,0.7475917481266873
2022-12-02,0.7475917481266873
2022-12-03,0.7475917481266873
2022-12-04,0.7475917481266873
2022-12-05,0.7475917481266873
2022-12-06,0.7475917481266873
2022-12-07,0.7475917481266873
2022-12-08,0.7475917481266873
2022-12-09,0.7475917481266873
2022-12-10,0.7475917481266873
2022-12-11,0.7475917481266873
2022-12-12,0.7475917481266873
2022-12-13,0.7475917481266873
2022-12-14,0.7475917481266873
2022-12-15,0.7475917481266873
2022-12-16,0.7475917481266873
2022-12-17,0.7475917481266873
2022-12-18,0.7475917481266873
2022-12-19,0.7475917481266873
2022-12-20,0.7475917481266873
2022-12-21,0.7475917481266873
2022-12-22,0.7475917481266873
2022-12-23,0.7475917481266873
2022-12-24,0.7475917481266873
2022-12-25,0.7475917481266873
2022-12-26,0.7475917481266873
2022-12-27,0.7475917481266873
2022-12-28,0.7475917481266873
2022-12-29,0.7475917481266873
2022-12-30,0.7475917481266873
2022-12-31,0.7475917481266873
2023-01-01,0.7475917481266873
2023-01-02,0.7475917481266873
2023-01-03,0.7475917481266873
2023-01-04,0.7475917481266873
2023-01-05,0.7475917481266873
2023-01-06,0.7475917481266873
2023-01-07,0.7475917481266873
2023-01-08,0.7475917481266873
2023-01-09,0.7475917481266873
2023-01-10,0.7475917481266873
2023-01-11,0.7475917481266873
2023-01-12,0.7264737600042309
2023-01-13,0.7407331371499853
2023-01-14,0.7530480537758643
2023-01-15,0.73904793803276
2023-01-16,0.7403442450460103
2023-01-17,0.7420294441632358
2023-01-18,0.7308812038492822
2023-01-19,0.7498072862427383
2023-01-20,0.7758630572090714
2023-01-21,0.7635481405831924
2023-01-22,0.7596592195434412
2023-01-23,0.7894742808482006
2023-01-24,0.7692518914414942
2023-01-25,0.7811779159633981
2023-01-26,0.7710667212600449
2023-01-27,0.7757334265077463
2023-01-28,0.7692518914414942
2023-01-29,0.7765112107156965
2023-01-30,0.7505850704506883
2023-01-31,0.7665296467136683
2023-02-01,0.7761223186117214
2023-02-02,0.771880295926702
2023-02-03,0.7743067792997449
2023-02-04,0.7729019731364043
2023-02-05,0.7573213956884453
2023-02-06,0.7491479780108274
2023-02-07,0.7639622975515099
2023-02-08,0.7561720088275301
2023-02-09,0.7362493032383367
2023-02-10,0.7359938839359111
2023-02-11,0.7380372383553154
2023-02-12,0.7270542083510164
2023-02-13,0.7214349836976541
2023-02-14,0.7362493032383364
2023-02-15,0.76076955627119
2023-02-16,0.7390589155650176
2023-02-17,0.7529792675472107
2023-02-18,0.7520852999887211
2023-02-19,0.7418685278916988
2023-02-20,0.757321395688445
2023-02-21,0.7490202683596145
2023-02-22,0.7533623965008489
2023-02-23,0.7442721102467076
2023-02-24,0.7316020730434836
2023-02-25,0.7309621721746339
2023-02-26,0.7310901523484037
2023-02-27,0.7318580333910233
2023-02-28,0.7289144893943146
2023-03-01,0.7382570420795203
2023-03-02,0.7301942911320138
2023-03-03,0.7304502514795538
2023-03-04,0.7254590247025262
2023-03-05,0.7168843530599402
2023-03-06,0.7203398177517287
2023-03-07,0.7339057161713424
2023-03-08,0.7451679714630972
2023-03-09,0.7217475996631981
2023-03-10,0.7209797186205785
2023-03-11,0.7130449478468421
2023-03-12,0.7227714410533577
2023-03-13,0.7240512427910571
2023-03-14,0.7240512427910571
2023-03-15,0.7067739193321152
2023-03-16,0.714600333275482
2023-03-17,0.7377127656798701
2023-03-18,0.7286820801708708
2023-03-19,0.7467434511888693
2023-03-20,0.7279167678395997
2023-03-21,0.8751628603761641
2023-03-22,0.8012336891753734
2023-03-23,0.835672744082574
2023-03-24,0.8082745626230677
2023-03-25,0.8342951818862859
2023-03-26,0.8419483051989971
2023-03-27,0.889550732204061
2023-03-28,0.9437348452580564
2023-03-29,0.9867453982754937
2023-03-30,0.9705207768525459
2023-03-31,0.9789392124965278
2023-04-01,0.9362347844115991
2023-04-02,0.9492450940432084
2023-04-03,0.9154182890010247
2023-04-04,0.9256734742400577
2023-04-05,0.9301122857614303
2023-04-06,0.9089381697249759
2023-04-07,0.9140173592601536
2023-04-08,0.9099747390178693
2023-04-09,0.9102857098057374
2023-04-10,0.9166087824923875
2023-04-11,0.9161423263105855
2023-04-12,0.9100265674825141
2023-04-13,0.9139655307955092
2023-04-14,0.9192520341892659
2023-04-15,0.9174380379267024
2023-04-16,0.9183191218256619
2023-04-17,0.9131362753611946
2023-04-18,0.9242793952597992
2023-04-19,0.9028742393615492
2023-04-20,0.8946335134830462
2023-04-21,0.8811062842107865
2023-04-22,0.892923174149772
2023-04-23,0.8891915246953555
2023-04-24,0.8873256999681474
2023-04-25,0.8916792909982998
2023-04-26,0.8876884992206598
2023-04-27,0.8874491117393467
2023-04-28,0.9009946203193757
2023-04-29,0.8993145572396822
2023-04-30,0.8914392615536189
2023-05-01,0.8855590407746917
2023-05-02,0.8851390250047684
2023-05-03,0.8837739737525174
2023-05-04,0.8812538791329771
2023-05-05,0.8878691275092705
2023-05-06,0.8785237766284755
2023-05-07,0.8688634139202379
2023-05-08,0.8471275978267034
2023-05-09,0.8477576214815885
2023-05-10,0.8492276766763203
2023-05-11,0.8391472981981594
2023-05-12,0.8494376845612819
2023-05-13,0.8426124283000271
2023-05-14,0.8439774795522781
2023-05-15,0.8460775584018951
2023-05-16,0.8620381576589833
2023-05-17,0.868233390265353
2023-05-18,0.8813860646092909
2023-05-19,0.8914387440331112
2023-05-20,0.8927112350994175
2023-05-21,0.8787138333700475
2023-05-22,0.8841855449551647
2023-05-23,0.8883847654739756
2023-05-24,0.8729876235716687
2023-05-25,0.8740056164247136
2023-05-26,0.8925839859927865
2023-05-27,0.8964014591917057
2023-05-28,0.9098898644945529
2023-05-29,0.925923251930013
2023-05-30,0.9588807705473477
2023-05-31,0.9539180553887529
2023-06-01,0.9410658956190585
2023-06-02,0.9638434857059424
2023-06-03,0.9567175357346269
2023-06-04,0.9784771329684656
2023-06-05,0.9442471232848246
2023-06-06,0.970969435677258
2023-06-07,0.9560812902014736
2023-06-08,0.9237712790687375
2023-06-09,0.9237712790687375
2023-06-10,0.9237712790687375
2023-06-11,0.9237712790687375
2023-06-12,0.9237712790687375
2023-06-13,0.9237712790687375
2023-06-14,0.9237712790687375
2023-06-15,0.9237712790687375
2023-06-16,0.9237712790687375
2023-06-17,0.9237712790687375
2023-06-18,0.9237712790687375
2023-06-19,0.9237712790687375
2023-06-20,0.9237712790687375
2023-06-21,0.9237712790687375
2023-06-22,0.9237712790687375
2023-06-23,0.9237712790687375
2023-06-24,0.9237712790687375
2023-06-25,0.9237712790687375
2023-06-26,0.9237712790687375
2023-06-27,0.9237712790687375
2023-06-28,0.9237712790687375
2023-06-29,0.9237712790687375
2023-06-30,0.9237712790687375
2023-07-01,0.9237712790687375
2023-07-02,0.9237712790687375
2023-07-03,0.9237712790687375
2023-07-04,0.9237712790687375
2023-07-05,0.9237712790687375
2023-07-06,0.9237712790687375
2023-07-07,0.9237712790687375
2023-07-08,0.9237712790687375
2023-07-09,0.9237712790687375
2023-07-10,0.9237712790687375
2023-07-11,0.8741306942341609
2023-07-12,0.8675159597251394
2023-07-13,1.3971562135521312
2023-07-14,1.2473247853710419
2023-07-15,1.242094530177862
2023-07-16,1.291781954513069
2023-07-17,1.277321837214278
2023-07-18,1.339623406427154
2023-07-19,1.4042324411664329
2023-07-20,1.3646978651473982
2023-07-21,1.3294705581109818
2023-07-22,1.270707102705257
2023-07-23,1.2788601475652135
2023-07-24,1.2230194818262656
2023-07-25,1.2334799922126252
2023-07-26,1.2445558267393588
2023-07-27,1.2411715439673017
2023-07-28,1.238248754300525
2023-07-29,1.2384025853356184
2023-07-30,1.2268652577036043
2023-07-31,1.2160970852470578
2023-08-01,1.1752252566545716
2023-08-02,1.168907357430558
2023-08-03,1.1625606093516403
2023-08-04,1.1546560231078973
2023-08-05,1.1526943009744135
2023-08-06,1.151309555939013
2023-08-07,1.1511941605193965
2023-08-08,1.1564446521119558
2023-08-09,1.1568773849355183
2023-08-10,1.1539348017352926
2023-08-11,1.1535597666215383
2023-08-12,1.152348114715563
2023-08-13,1.1517711376174795
2023-08-14,1.1542809879941425
2023-08-15,1.1473861116720452
2023-08-16,1.141183607867648
2023-08-17,1.1173833025717061
2023-08-18,1.1173256048618978
2023-08-19,1.1212778979837694
2023-08-20,1.1266149361410411
2023-08-21,1.1226049453093612
2023-08-22,1.120790788487813
2023-08-23,1.120790788487813
2023-08-24,1.120790788487813
2023-08-25,1.120790788487813
2023-08-26,1.120790788487813
2023-08-27,1.120790788487813
2023-08-28,1.120790788487813
2023-08-29,1.120790788487813
2023-08-30,1.120790788487813
2023-08-31,1.120790788487813
2023-09-01,1.120790788487813
2023-09-02,1.120790788487813
2023-09-03,1.120790788487813
2023-09-04,1.120790788487813
2023-09-05,1.120790788487813
2023-09-06,1.120790788487813
2023-09-07,1.120790788487813
2023-09-08,1.120790788487813
2023-09-09,1.120790788487813
2023-09-10,1.120790788487813
2023-09-11,1.120790788487813
2023-09-12,1.120790788487813
2023-09-13,1.120790788487813
2023-09-14,1.120790788487813
2023-09-15,1.120790788487813
2023-09-16,1.120790788487813
2023-09-17,1.120790788487813
2023-09-18,1.120790788487813
2023-09-19,1.120790788487813
2023-09-20,1.120790788487813
2023-09-21,1.120790788487813
2023-09-22,1.120790788487813
2023-09-23,1.120790788487813
2023-09-24,1.120790788487813
2023-09-25,1.120790788487813
2023-09-26,1.120790788487813
2023-09-27,1.120790788487813
2023-09-28,1.120790788487813
2023-09-29,1.120790788487813
2023-09-30,1.120790788487813
2023-10-01,1.120790788487813
2023-10-02,1.120790788487813
2023-10-03,1.120790788487813
2023-10-04,1.120790788487813
2023-10-05,1.120790788487813
2023-10-06,1.120790788487813
2023-10-07,1.120790788487813
2023-10-08,1.120790788487813
2023-10-09,1.120790788487813
2023-10-10,1.120790788487813
2023-10-11,1.120790788487813
2023-10-12,1.120790788487813
2023-10-13,1.120790788487813
2023-10-14,1.120790788487813
2023-10-15,1.120790788487813
2023-10-16,1.120790788487813
2023-10-17,1.120790788487813
2023-10-18,1.120790788487813
2023-10-19,1.120790788487813
2023-10-20,1.120790788487813
2023-10-21,1.120790788487813
2023-10-22,1.120790788487813
2023-10-23,1.120790788487813
2023-10-24,1.0834185356360029
2023-10-25,1.0775180121869479
2023-10-26,1.07440384703328
2023-10-27,1.0575217938318164
2023-10-28,1.060144248698063
2023-10-29,1.0789931430492115
2023-10-30,1.114887994030964
2023-10-31,1.1502911347252953
2023-11-01,1.1648785399187929
2023-11-02,1.15979753361544
2023-11-03,1.170779063367848
2023-11-04,1.1753683593837803
2023-11-05,1.2504361299300932
2023-11-06,1.3391078850950617
2023-11-07,1.290264663211216
2023-11-08,1.2933788283648835
2023-11-09,1.2599425288202375
2023-11-10,1.2484692887804079
2023-11-11,1.2535502950837611
2023-11-12,1.251419550504936
2023-11-13,1.266006955698433
2023-11-14,1.2153034847672457
2023-11-15,1.2321734802331445
2023-11-16,1.1991630026187914
2023-11-17,1.200439650924319
2023-11-18,1.1979775434779447
2023-11-19,1.211838296509386
2023-11-20,1.1994365701128333
2023-11-21,1.168979389109535
2023-11-22,1.1982511109719862
2023-11-23,1.2073700274400399
2023-11-24,1.2076435949340814
2023-11-25,1.2091026215689695
2023-11-26,1.2026281908766518
2023-11-27,1.191867869444349
2023-11-28,1.1980687326426251
2023-11-29,1.1966097060077365
2023-11-30,1.1940564093966817
2023-12-01,1.1997101376068746
2023-12-02,1.2072788382753592
2023-12-03,1.2091938107336504
2023-12-04,1.210652837368539
2023-12-05,1.2074114573807133
2023-12-06,1.2227745424498249
2023-12-07,1.225362009408833
2023-12-08,1.2487300703823765
2023-12-09,1.2376524774641224
2023-12-10,1.2403208027655996
2023-12-11,1.2055517155039261
2023-12-12,1.2059560072162712
2023-12-13,1.2126672496411988
2023-12-14,1.215982441682428
2023-12-15,1.2030451068873869
2023-12-16,1.20684544898343
2023-12-17,1.1987596147365291
2023-12-18,1.201297134147285
2023-12-19,1.1923004744182422
2023-12-20,1.2066028565515923
2023-12-21,1.2146767819494513
2023-12-22,1.2150228073236453
2023-12-23,1.2093710595451441
2023-12-24,1.2008357669816931
2023-12-25,1.2401673178484058
2023-12-26,1.2121392625386957
2023-12-27,1.2260956192978516
2023-12-28,1.2267876700462397
2023-12-29,1.2134080222440735
2023-12-30,1.21075516104192
2023-12-31,1.2048727296806228
2024-01-01,1.2207898968935444
2024-01-02,1.2152534909064412
2024-01-03,1.166463913145094
2024-01-04,1.1716542937580032
2024-01-05,1.1588513549128272
2024-01-06,1.1498546951837845
2024-01-07,1.131984770036059
2024-01-08,1.160041455778862
2024-01-09,1.148539289593115
2024-01-10,1.184980731994687
2024-01-11,1.186163197677334
2024-01-12,1.151764196000334
2024-01-13,1.156924046251884
2024-01-14,1.158643996335734
2024-01-15,1.1579990150542903
2024-01-16,1.1579990150542903
2024-01-17,1.1502592396769653
2024-01-18,1.1325222544372624
2024-01-19,1.124244994658734
2024-01-20,1.1340272107606308
2024-01-21,1.126502429143787
2024-01-22,1.1061855187783092
2024-01-23,1.0962958057961718
2024-01-24,1.0960808120356906
2024-01-25,1.0914584461853438
2024-01-26,1.1113453690298594
2024-01-27,1.109195431425047
2024-01-28,1.096844375321275
2024-01-29,1.113091370323927
2024-01-30,1.0772308858586146
2024-01-31,1.0663995558568466
2024-02-01,1.070058788965552
2024-02-02,1.076938147209918
2024-02-03,1.0887940624821233
2024-02-04,1.0662531865324985
2024-02-05,1.0716688515333825
2024-02-06,1.0688878343707664
2024-02-07,1.081768334913409
2024-02-08,1.083085658832543
2024-02-09,1.0999181311325876
2024-02-10,1.0965516366725787
2024-02-11,1.0997717618082392
2024-02-12,1.107675705323043
2024-02-13,1.0977225912673647
2024-02-14,1.1168969727569804
2024-02-15,1.1526110878979445
2024-02-16,1.155684843709257
2024-02-17,1.1341685530300696
2024-02-18,1.1444233343302874
2024-02-19,1.1520905628529012
2024-02-20,1.151532946233075
2024-02-21,1.1332710019337584
2024-02-22,1.1219792653822727
2024-02-23,1.1124997828452228
2024-02-24,1.1275554315805374
2024-02-25,1.124070327706622
2024-02-26,1.135362064258108
2024-02-27,1.1848505392677062
2024-02-28,1.1693766780675219
2024-02-29,1.185686964197446
2024-03-01,1.2060399708211116
2024-03-02,1.2658443532974997
2024-03-03,1.2420062427999186
2024-03-04,1.270723498720981
2024-03-05,1.1919601511704934
2024-03-06,1.221095619556426
2024-03-07,1.2418668386449616
2024-03-08,1.2321085477979985
2024-03-09,1.2316903353331288
2024-03-10,1.2132684489761543
2024-03-11,1.2991084945322067
2024-03-12,1.272983263276017
2024-03-13,1.2738043419726401
2024-03-14,1.2588009948797996
2024-03-15,1.2328250506593594
2024-03-16,1.209610916600288
2024-03-17,1.2215538794602603
2024-03-18,1.241110481143465
2024-03-19,1.1957272222755697
2024-03-20,1.2152838239587747
2024-03-21,1.2374529487675987
2024-03-22,1.2158809721017736
2024-03-23,1.2197624350312646
2024-03-24,1.2315561108554873
2024-03-25,1.2376022358033483
2024-03-26,1.2309589627124886
2024-03-27,1.2161049026553978
2024-03-28,1.225509985907626
2024-03-29,1.2297646664264912
2024-03-30,1.2231213933356313
2024-03-31,1.2244649134137062
2024-04-01,1.2161426419656927
2024-04-02,1.2044365898190363
2024-04-03,1.1993151920048741
2024-04-04,1.2081404578810644
2024-04-05,1.2052139448444001
2024-04-06,1.2079118240500748
2024-04-07,1.2085519987768452
2024-04-08,1.2178345323150142
2024-04-09,1.2175601717178268
2024-04-10,1.218977701469961
2024-04-11,1.2150451995769436
2024-04-12,1.1867860580666563
2024-04-13,1.1556918570521004
2024-04-14,1.16689491477058
2024-04-15,1.164334215863499
2024-04-16,1.1637854946691246
2024-04-17,1.1631453199423545
2024-04-18,1.1665291006409972
2024-04-19,1.1667577344719866
2024-04-20,1.1785552401510386
2024-04-21,1.171316101161559
2024-04-22,1.1989570182722509
2024-04-23,1.1888337524514558
2024-04-24,1.1738689247163678
2024-04-25,1.1720203283490924
2024-04-26,1.1726365271381842
2024-04-27,1.1654181984659653
2024-04-28,1.1587280401843965
2024-04-29,1.1629534033095976
2024-04-30,1.150189285535552
2024-05-01,1.1650660848721983
2024-05-02,1.1655062268644067
2024-05-03,1.1775661174509189
2024-05-04,1.1762456914742934
2024-05-05,1.1757175210836432
2024-05-06,1.1850485313184627
2024-05-07,1.1712280727631166
2024-05-08,1.1647139712784313
2024-05-09,1.1680590504192156
2024-05-10,1.1515977399106188
2024-05-11,1.1548547906529616
2024-05-12,1.1420695023942702
2024-05-13,1.1420695023942702
2024-05-14,1.1420695023942702
2024-05-15,1.1420695023942702
2024-05-16,1.1420695023942702
2024-05-17,1.1420695023942702
2024-05-18,1.1420695023942702
2024-05-19,1.1420695023942702
2024-05-20,1.1420695023942702
2024-05-21,1.1420695023942702
2024-05-22,1.1420695023942702
2024-05-23,1.1420695023942702
2024-05-24,1.1420695023942702
2024-05-25,1.1420695023942702
2024-05-26,1.1420695023942702
2024-05-27,1.1420695023942702
2024-05-28,1.1420695023942702
2024-05-29,1.1420695023942702
2024-05-30,1.1420695023942702
2024-05-31,1.1420695023942702
2024-06-01,1.1420695023942702
2024-06-02,1.0936676208621003
2024-06-03,1.103288988395604
2024-06-04,1.1120083527228415
2024-06-05,1.1121586865905526
2024-06-06,1.1056943302789797
2024-06-07,1.0720195439117173
2024-06-08,1.0622478425105026
2024-06-09,1.0712678745731623
2024-06-10,1.0687121988220756
2024-06-11,1.0436064429143397
2024-06-12,1.060744503833393
2024-06-13,1.038645425279877
2024-06-14,1.0351877463225243
2024-06-15,1.0592793555337952
2024-06-16,1.0567512237029828
2024-06-17,1.0799505510916139
2024-06-18,1.0595767828080083
2024-06-19,1.0629971964614604
2024-06-20,1.056305082791663
2024-06-21,1.0564537964287697
2024-06-22,1.0530333827753178
2024-06-23,1.0427721418149618
2024-06-24,1.034295464499885
2024-06-25,1.0368235963306973
2024-06-26,1.0280494917414071
2024-06-27,1.0362287417822706
2024-06-28,1.030726337209326
2024-06-29,1.0323621872174988
2024-06-30,1.0374184508791238
2024-07-01,1.0387568736130832
2024-07-02,1.0511001054929319
2024-07-03,1.0241829371766356
2024-07-04,0.9731741596490683
2024-07-05,0.942989886638059
2024-07-06,0.942989886638059
2024-07-07,0.942989886638059
2024-07-08,0.942989886638059
2024-07-09,0.942989886638059
2024-07-10,0.942989886638059
2024-07-11,0.942989886638059
2024-07-12,0.942989886638059
2024-07-13,0.942989886638059
2024-07-14,0.942989886638059
2024-07-15,0.942989886638059
2024-07-16,0.942989886638059
2024-07-17,0.942989886638059
2024-07-18,0.942989886638059
2024-07-19,0.942989886638059
2024-07-20,0.942989886638059
2024-07-21,0.942989886638059
2024-07-22,0.942989886638059
2024-07-23,0.942989886638059
2024-07-24,0.942989886638059
2024-07-25,0.942989886638059
2024-07-26,0.936865508594499
2024-07-27,0.9327586099872435
2024-07-28,0.9357071525770679
2024-07-29,0.9360757204007959
2024-07-30,0.9496600773324867
2024-07-31,0.9471854076588843
2024-08-01,0.9331798303572187
2024-08-02,0.9143828713470884
2024-08-03,0.9118028965809921
2024-08-04,0.8944275563195272
2024-08-05,0.8765783431418406
2024-08-06,0.8856872336425479
2024-08-07,0.9351806271145993
2024-08-08,0.9438156446990847
2024-08-09,0.9248080755039673
2024-08-10,0.9267035671688542
2024-08-11,0.910223320193586
2024-08-12,0.9184371174080967
2024-08-13,0.9229652363853268
2024-08-14,0.9185950750468371
2024-08-15,0.9143828713470881
2024-08-16,0.9071928519572661
2024-08-17,0.9071928519572661
2024-08-18,0.9071928519572661
2024-08-19,0.9071928519572661
2024-08-20,0.9071928519572661
2024-08-21,0.9071928519572661
2024-08-22,0.9071928519572661
2024-08-23,0.9071928519572661
2024-08-24,0.9071928519572661
2024-08-25,0.9071928519572661
2024-08-26,0.9071928519572661
2024-08-27,0.9071928519572661
2024-08-28,0.9071928519572661
2024-08-29,0.9071928519572661
2024-08-30,0.9071928519572661
2024-08-31,0.9071928519572661
2024-09-01,0.9071928519572661
2024-09-02,0.9071928519572661
2024-09-03,0.9071928519572661
2024-09-04,0.9071928519572661
2024-09-05,0.9071928519572661
2024-09-06,0.9071928519572661
2024-09-07,0.9071928519572661
2024-09-08,0.9071928519572661
2024-09-09,0.9071928519572661
2024-09-10,0.9071928519572661
2024-09-11,0.9071928519572661
2024-09-12,0.9071928519572661
2024-09-13,0.9071928519572661
2024-09-14,0.9071928519572661
2024-09-15,0.9071928519572661
2024-09-16,0.9071928519572661
2024-09-17,0.9071928519572661
2024-09-18,0.9071928519572661
2024-09-19,0.9071928519572661
2024-09-20,0.9071928519572661
2024-09-21,0.9071928519572661
2024-09-22,0.9071928519572661
2024-09-23,0.9071928519572661
2024-09-24,0.9071928519572661
2024-09-25,0.9071928519572661
2024-09-26,0.9071928519572661
2024-09-27,0.8670747424615415
2024-09-28,0.8954925795160463
2024-09-29,0.9266385289277836
2024-09-30,0.8927644671588139
2024-10-01,0.8760547789707649
2024-10-02,0.8096707116114414
2024-10-03,0.7908012678072502
2024-10-04,0.8047828436380666
2024-10-05,0.7995539616200377
2024-10-06,0.8043281582451945
2024-10-07,0.7986445908342936
2024-10-08,0.8013727031915261
2024-10-09,0.7939840655573548
2024-10-10,0.800804346450436
2024-10-11,0.8102390683525316
2024-10-12,0.8108074250936217
2024-10-13,0.8026230880219244
2024-10-14,0.8210378464332437
2024-10-15,0.8135355374508544
2024-10-16,0.8209241750850258
2024-10-17,0.816263649808087
2024-10-18,0.8136350207825092
2024-10-19,0.8117887404580986
2024-10-20,0.8148904914031085
2024-10-21,0.8124534013748865
2024-10-22,0.8043297679474796
2024-10-23,0.7983478196963891
2024-10-24,0.8029265949009273
2024-10-25,0.7809189334339526
2024-10-26,0.7891902692873122
2024-10-27,0.7917012105285107
2024-10-28,0.7936951932788741
2024-10-29,0.8002679512337759
2024-10-30,0.7962061345200726
2024-10-31,0.7863100719812316
2024-11-01,0.7889687156483828
2024-11-02,0.786900881685043
2024-11-03,0.7815097431377639
2024-11-04,0.7818789992026459
2024-11-05,0.7896333765651706
2024-11-06,0.8101640137726169
2024-11-07,0.8203554811633635
2024-11-08,0.8154097824720185
2024-11-09,0.8212698441004123
2024-11-10,0.8517212357765298
2024-11-11,0.885521234097444
2024-11-12,0.9726896508198013
2024-11-13,0.9578302088335172
2024-11-14,1.0455218453441242
2024-11-15,1.1696295791168925
2024-11-16,1.408950310262188
2024-11-17,1.3392574344673625
2024-11-18,1.4014159453113963
2024-11-19,1.3873936549863115
2024-11-20,1.3913701253770074
2024-11-21,1.5409063408586985
2024-11-22,1.7769831093168473
2024-11-23,1.772692707053202
2024-11-24,1.7356487460451413
2024-11-25,1.7158710380493125
2024-11-26,1.6993372927406303
2024-11-27,1.773843790587351
2024-11-28,1.84971065988352
2024-11-29,1.8483072280128774
2024-11-30,1.8826037930986648
2024-12-01,1.9605277737580784
2024-12-02,2.0585699783961493
2024-12-03,2.0097992159682514
2024-12-04,1.9750247292721113
2024-12-05,1.949353511344594
2024-12-06,1.9905685606945351
2024-12-07,2.032489113374045
2024-12-08,2.030531910588791
2024-12-09,1.9420253799858527
2024-12-10,1.9780970824815214
2024-12-11,1.9833769783673227
2024-12-12,1.977041423686285
2024-12-13,1.9865163196455387
2024-12-14,1.9841049415622714
2024-12-15,1.9893826747256493
2024-12-16,1.9936139607962886
2024-12-17,2.0030774823306214
2024-12-18,1.9738452102834638
2024-12-19,1.965735245314739
2024-12-20,1.9703191385579315
2024-12-21,1.9656215010655287
2024-12-22,1.961651826768074
2024-12-23,1.9683172397718227
2024-12-24,1.9753807576478093
2024-12-25,1.972366535043725
2024-12-26,1.9562830982053276
2024-12-27,1.9552252766876677
2024-12-28,1.9595134348829124
2024-12-29,1.9492650780290255
2024-12-30,1.9452271571820445
2024-12-31,1.948059388987392
2025-01-01,2.0043837323239715
2025-01-02,2.0209832804291628
2025-01-03,2.0334567914334944
2025-01-04,2.0252047172317758
2025-01-05,2.020267782666008
2025-01-06,2.0251808673063376
2025-01-07,1.9896921782538592
2025-01-08,2.013995252275684
2025-01-09,1.9899306775082444
2025-01-10,2.0064348259116813
2025-01-11,2.0624821506921407
2025-01-12,2.0453579042273025
2025-01-13,2.0497939903588622
2025-01-14,2.084161732915731
2025-01-15,2.1975919783012055
2025-01-16,2.221966602099346
2025-01-17,2.233199916980876
2025-01-18,2.2278336837572152
2025-01-19,2.1536604156435004
2025-01-20,2.188624406336332
2025-01-21,2.2049616052617003
2025-01-22,2.2039100273009207
2025-01-23,2.1936509043515873
2025-01-24,2.1905344220106566
2025-01-25,2.1917304773955544
2025-01-26,2.1772935835243246
2025-01-27,2.1828358683360336
2025-01-28,2.1831727853458633
2025-01-29,2.185042674750422
2025-01-30,2.195032264091892
2025-01-31,2.179618310892154
2025-02-01,2.152951329564083
2025-02-02,2.102784386800346
2025-02-03,2.123016253240658
2025-02-04,2.0939234694418087
2025-02-05,2.069261144322228
2025-02-06,2.059827468046979
2025-02-07,2.071922788699888
2025-02-08,2.075662567509005
2025-02-09,2.0712489546802275
2025-02-10,2.076454322482106
2025-02-11,2.074668662330005
2025-02-12,2.0681216806086313
2025-02-13,2.0681216806086313
2025-02-14,2.0681216806086313
2025-02-15,2.0681216806086313
2025-02-16,2.0681216806086313
2025-02-17,2.0681216806086313
2025-02-18,2.0681216806086313
2025-02-19,2.0681216806086313
2025-02-20,2.0681216806086313
2025-02-21,2.0681216806086313
2025-02-22,2.0681216806086313
2025-02-23,2.0681216806086313
2025-02-24,2.0681216806086313
2025-02-25,2.0681216806086313
2025-02-26,2.0681216806086313
2025-02-27,2.0681216806086313
2025-02-28,2.0681216806086313
2025-03-01,2.0681216806086313
2025-03-02,2.0681216806086313
2025-03-03,2.0681216806086313
2025-03-04,2.0681216806086313
2025-03-05,2.0681216806086313
2025-03-06,2.0681216806086313
2025-03-07,2.0681216806086313
2025-03-08,2.0681216806086313
2025-03-09,2.0681216806086313
2025-03-10,2.0681216806086313
2025-03-11,2.0681216806086313
2025-03-12,2.0681216806086313
2025-03-13,2.0681216806086313
2025-03-14,2.0681216806086313
2025-03-15,2.0681216806086313
2025-03-16,2.0681216806086313
2025-03-17,2.0681216806086313
2025-03-18,2.0681216806086313
2025-03-19,2.0681216806086313
2025-03-20,2.0681216806086313
2025-03-21,2.0681216806086313
2025-03-22,2.0681216806086313
2025-03-23,2.0681216806086313
2025-03-24,2.0681216806086313
2025-03-25,2.0681216806086313
2025-03-26,2.0681216806086313
2025-03-27,2.0681216806086313
2025-03-28,2.0681216806086313
2025-03-29,2.0681216806086313
2025-03-30,2.0681216806086313
2025-03-31,2.0681216806086313
2025-04-01,2.0681216806086313
2025-04-02,2.0681216806086313
2025-04-03,2.0681216806086313
2025-04-04,2.0681216806086313
2025-04-05,2.0681216806086313
2025-04-06,2.0681216806086313
2025-04-07,2.0681216806086313
2025-04-08,2.0681216806086313
2025-04-09,2.0681216806086313
2025-04-10,2.0681216806086313
2025-04-11,2.0681216806086313
2025-04-12,2.0681216806086313
2025-04-13,2.0681216806086313
2025-04-14,2.0681216806086313
2025-04-15,2.0681216806086313
2025-04-16,2.0681216806086313
2025-04-17,2.0681216806086313
2025-04-18,2.0681216806086313
2025-04-19,2.0681216806086313
2025-04-20,2.0681216806086313
2025-04-21,2.0681216806086313
2025-04-22,2.0681216806086313
2025-04-23,2.0681216806086313
2025-04-24,2.0681216806086313
2025-04-25,2.0681216806086313
2025-04-26,2.0681216806086313
2025-04-27,2.0681216806086313
2025-04-28,2.0681216806086313
2025-04-29,2.0681216806086313
2025-04-30,2.0681216806086313
2025-05-01,2.0681216806086313
2025-05-02,2.0681216806086313
2025-05-03,2.0681216806086313
2025-05-04,2.0681216806086313
2025-05-05,2.0681216806086313
2025-05-06,2.0681216806086313
2025-05-07,2.0127307643107937
2025-05-08,2.111892561799523
2025-05-09,2.1201436929308723
2025-05-10,2.182990631847496
2025-05-11,2.131556934196391
2025-05-12,2.2189596346236766
2025-05-13,2.238228743253773
2025-05-14,2.222121744757846
2025-05-15,2.1407468167738224
2025-05-16,2.137881154464731
2025-05-17,2.124689226248741
2025-05-18,2.1616957964126966
2025-05-19,2.138128194318963
2025-05-20,2.1263690972575198
2025-05-21,2.1454899819750772
2025-05-22,2.1632274435089354
2025-05-23,2.096773722720525
2025-05-24,2.113424208895762
2025-05-25,2.119056717572252
2025-05-26,2.1035426147264817
2025-05-27,2.106754132831498
2025-05-28,2.087570748529398
2025-05-29,2.076213989383512
2025-05-30,2.0366924675558287
2025-05-31,2.0495634612544995
2025-06-01,2.0516076779007593
2025-06-02,2.058156742341553
2025-06-03,2.0763654128387903
2025-06-04,2.059822400349616
2025-06-05,2.0192030584711635
2025-06-06,2.0442636403197527
2025-06-07,2.050736993032907
2025-06-08,2.0848451263343843
2025-06-09,2.1053251486607985
2025-06-10,2.098122070882008
2025-06-11,2.0786685031582675
2025-06-12,2.036343849056616
2025-06-13,2.0138933803592183
2025-06-14,2.0097923579742134
2025-06-15,2.02351500980096
2025-06-16,2.061633487097479
2025-06-17,2.0200974911467897
2025-06-18,2.0261438703041685
2025-06-19,2.0231469693305115
2025-06-20,1.9992769159613815
2025-06-21,1.969728523905322
2025-06-22,1.9455430072758066
2025-06-23,2.019782027886406
2025-06-24,2.036291271846553
2025-06-25,2.034240760654051
2025-06-26,1.9919161065523991
2025-06-27,2.011106788225819
2025-06-28,2.03397787460373
2025-06-29,2.044861357087012
2025-06-30,2.0612010991435294
2025-07-01,2.025710410147861
2025-07-02,2.059763781520652
2025-07-03,2.0726443586795162
2025-07-04,2.0525219119592304
2025-07-05,2.051029312889319
2025-07-06,2.080383761264241
2025-07-07,2.080328479817207
2025-07-08,2.1024410586307076
2025-07-09,2.153852804372096
2025-07-10,2.2330711179714617
2025-07-11,2.3353970764309366
2025-07-12,2.339432622064401
2025-07-13,2.392834499899004
2025-07-14,2.4603331467272147
2025-07-15,2.438662819489984
2025-07-16,2.5044477414601483
2025-07-17,2.749565677607803
2025-07-18,2.7120295750718855
2025-07-19,2.7180552527985644
2025-07-20,2.7344185611205547
2025-07-21,2.740655436934495
2025-07-22,2.7409197637700164
2025-07-23,2.633250632767502
2025-07-24,2.621943318136851
2025-07-25,2.621062228685112
2025-07-26,2.6280815746506327
2025-07-27,2.6494333090311093
2025-07-28,2.6155407347875466
2025-07-29,2.6168623689651556
2025-07-30,2.6076402993702863
2025-07-31,2.58584802026394
2025-08-01,2.567903165096854
2025-08-02,2.5115721794823354
2025-08-03,2.5639970018608103
2025-08-04,2.60029788727246
2025-08-05,2.568196861580766
2025-08-06,2.576567211372288
2025-08-07,2.673163984931281
2025-08-08,2.663237043775021
2025-08-09,2.64561525474024
2025-08-10,2.634190461516023
2025-08-11,2.61822210520332
2025-08-12,2.6557745524901097
2025-08-13,2.6576236230299366
2025-08-14,2.604544421651361
2025-08-15,2.6041909228716884
2025-08-16,2.6116959738862815
2025-08-17,2.606855759826145
2025-08-18,2.5997585920188664
2025-08-19,2.545156626666315
2025-08-20,2.569738387960492
2025-08-21,2.542736519636247
2025-08-22,2.6032391953879532
2025-08-23,2.5961964120083167
2025-08-24,2.5900237794709517
2025-08-25,2.544504013534612
2025-08-26,2.586352830605118
2025-08-27,2.5745242175929866
2025-08-28,2.573898796675104
2025-08-29,2.533926242358246
2025-08-30,2.533545551364752
2025-08-31,2.522016052704651
2025-09-01,2.5046915054382373
2025-09-02,2.5046915054382373
2025-09-03,2.5046915054382373
2025-09-04,2.5046915054382373
2025-09-05,2.5046915054382373
2025-09-06,2.5046915054382373
2025-09-07,2.5046915054382373
2025-09-08,2.5046915054382373
2025-09-09,2.5046915054382373
2025-09-10,2.5046915054382373
2025-09-11,2.5046915054382373
2025-09-12,2.5046915054382373
2025-09-13,2.5046915054382373
2025-09-14,2.5046915054382373
2025-09-15,2.5046915054382373
2025-09-16,2.5046915054382373
2025-09-17,2.5046915054382373
2025-09-18,2.5046915054382373
2025-09-19,2.5046915054382373
2025-09-20,2.5046915054382373
2025-09-21,2.5046915054382373
2025-09-22,2.320506467040066
2025-09-23,2.302782607792302
2025-09-24,2.3669442487967522
2025-09-25,2.2511991894798133
2025-09-26,2.276609740372665
2025-09-27,2.290077332345876
2025-09-28,2.3299083708704207
2025-09-29,2.337976220778902
2025-09-30,2.316821937160603
2025-10-01,2.3814282628056787
2025-10-02,2.4388561078235234
2025-10-03,2.4396184243503085
2025-10-04,2.394133538252104
2025-10-05,2.394895854778889
2025-10-06,2.4067117609440656
2025-10-07,2.3201253087766736
2025-10-08,2.3377221152699734
2025-10-09,2.2884256465378408
2025-10-10,2.0141822760267396
2025-10-11,2.0214878094084345
2025-10-12,2.114426899299039
2025-10-13,2.028337653995258
2025-10-14,2.028337653995258
2025-10-15,2.028337653995258
2025-10-16,2.028337653995258
2025-10-17,2.028337653995258
2025-10-18,2.028337653995258
2025-10-19,2.028337653995258
2025-10-20,2.028337653995258
2025-10-21,2.028337653995258
2025-10-22,2.028337653995258
2025-10-23,2.028337653995258
2025-10-24,2.028337653995258
2025-10-25,2.028337653995258
2025-10-26,2.028337653995258
2025-10-27,2.028337653995258
2025-10-28,2.028337653995258
2025-10-29,2.028337653995258
2025-10-30,2.028337653995258
2025-10-31,2.028337653995258
2025-11-01,2.028337653995258
2025-11-02,2.028337653995258
2025-11-03,2.028337653995258
2025-11-04,2.028337653995258
2025-11-05,2.028337653995258
2025-11-06,2.028337653995258
2025-11-07,2.028337653995258
2025-11-08,2.028337653995258
2025-11-09,2.028337653995258
2025-11-10,2.028337653995258
2025-11-11,2.028337653995258
2025-11-12,2.028337653995258
2025-11-13,2.028337653995258
2025-11-14,2.028337653995258
2025-11-15,2.028337653995258
2025-11-16,2.028337653995258
2025-11-17,2.028337653995258
2025-11-18,2.028337653995258
2025-11-19,2.028337653995258
2025-11-20,2.028337653995258
2025-11-21,2.028337653995258
2025-11-22,2.028337653995258
2025-11-23,2.028337653995258
2025-11-24,2.028337653995258
2025-11-25,2.028337653995258
2025-11-26,2.028337653995258
2025-11-27,2.028337653995258
2025-11-28,2.028337653995258
2025-11-29,2.028337653995258
2025-11-30,2.028337653995258
2025-12-01,2.028337653995258
2025-12-02,2.028337653995258
2025-12-03,2.028337653995258
2025-12-04,2.028337653995258
2025-12-05,2.028337653995258
2025-12-06,2.028337653995258
2025-12-07,2.028337653995258
2025-12-08,2.028337653995258
2025-12-09,2.028337653995258
2025-12-10,2.028337653995258
2025-12-11,2.028337653995258
2025-12-12,2.028337653995258
2025-12-13,2.028337653995258
2025-12-14,2.028337653995258
2025-12-15,2.028337653995258
2025-12-16,2.028337653995258
2025-12-17,2.028337653995258
2025-12-18,2.028337653995258
2025-12-19,2.028337653995258
2025-12-20,2.028337653995258
2025-12-21,2.028337653995258
2025-12-22,2.028337653995258
2025-12-23,2.028337653995258
2025-12-24,2.028337653995258
2025-12-25,2.028337653995258
2025-12-26,2.028337653995258
2025-12-27,2.028337653995258
2025-12-28,2.028337653995258
2025-12-29,2.028337653995258
2025-12-30,2.028337653995258
2025-12-31,2.028337653995258
2026-01-01,2.028337653995258
2026-01-02,2.028337653995258
2026-01-03,2.028337653995258
2026-01-04,2.028337653995258
2026-01-05,2.028337653995258
2026-01-06,2.028337653995258
2026-01-07,2.028337653995258
2026-01-08,2.028337653995258
2026-01-09,2.028337653995258
2026-01-10,2.028337653995258
2026-01-11,2.028337653995258
2026-01-12,2.028337653995258
2026-01-13,2.028337653995258
2026-01-14,2.028337653995258
2026-01-15,2.028337653995258
2026-01-16,2.028337653995258
2026-01-17,2.028337653995258
2026-01-18,2.028337653995258
2026-01-19,2.028337653995258
2026-01-20,2.028337653995258
2026-01-21,2.028337653995258
2026-01-22,2.028337653995258
2026-01-23,2.028337653995258
2026-01-24,2.028337653995258
2026-01-25,2.028337653995258
2026-01-26,2.028337653995258
2026-01-27,2.028337653995258
2026-01-28,2.028337653995258
2026-01-29,2.028337653995258
2026-01-30,2.028337653995258
2026-01-31,2.028337653995258
2026-02-01,2.028337653995258
2026-02-02,2.028337653995258
2026-02-03,2.028337653995258
2026-02-04,2.028337653995258
2026-02-05,2.028337653995258
2026-02-06,2.028337653995258
2026-02-07,2.028337653995258
2026-02-08,2.028337653995258
2026-02-09,2.028337653995258
2026-02-10,2.028337653995258
2026-02-11,2.028337653995258
2026-02-12,2.028337653995258
2026-02-13,2.028337653995258
2026-02-14,2.028337653995258
2026-02-15,2.028337653995258
2026-02-16,2.028337653995258
2026-02-17,2.028337653995258
2026-02-18,2.028337653995258
2026-02-19,2.028337653995258
2026-02-20,2.028337653995258
2026-02-21,2.028337653995258
2026-02-22,2.028337653995258
2026-02-23,2.028337653995258
2026-02-24,2.028337653995258
2026-02-25,2.028337653995258
2026-02-26,2.028337653995258
2026-02-27,2.028337653995258
2026-02-28,2.028337653995258
2026-03-01,2.028337653995258
2026-03-02,2.028337653995258
2026-03-03,2.028337653995258
2026-03-04,2.028337653995258
2026-03-05,2.028337653995258
2026-03-06,2.028337653995258
2026-03-07,2.028337653995258
2026-03-08,2.028337653995258
2026-03-09,2.028337653995258
2026-03-10,2.028337653995258
2026-03-11,2.028337653995258
2026-03-12,2.028337653995258
2026-03-13,2.028337653995258
2026-03-14,2.028337653995258
2026-03-15,2.028337653995258
2026-03-16,2.028337653995258
2026-03-17,2.028337653995258
2026-03-18,2.028337653995258
2026-03-19,2.028337653995258
2026-03-20,2.028337653995258
2026-03-21,2.028337653995258
2026-03-22,2.028337653995258
2026-03-23,2.028337653995258
2026-03-24,2.028337653995258
2026-03-25,2.028337653995258
2026-03-26,2.028337653995258
2026-03-27,2.028337653995258
2026-03-28,2.028337653995258
2026-03-29,2.028337653995258
2026-03-30,2.028337653995258
2026-03-31,2.028337653995258
2026-04-01,2.028337653995258
2026-04-02,2.028337653995258
2026-04-03,2.028337653995258
2026-04-04,2.028337653995258
2026-04-05,2.028337653995258
2026-04-06,2.028337653995258
2026-04-07,2.028337653995258
2026-04-08,2.028337653995258
2026-04-09,2.028337653995258
2026-04-10,2.028337653995258
2026-04-11,2.028337653995258
2026-04-12,2.028337653995258
2026-04-13,2.028337653995258
2026-04-14,2.028337653995258
2026-04-15,2.028337653995258
2026-04-16,2.028337653995258
2026-04-17,2.028337653995258
2026-04-18,2.028337653995258
2026-04-19,2.028337653995258
2026-04-20,2.028337653995258
2026-04-21,2.028337653995258
2026-04-22,2.028337653995258
2026-04-23,2.028337653995258
2026-04-24,2.028337653995258
2026-04-25,2.028337653995258
2026-04-26,2.028337653995258
2026-04-27,2.028337653995258
2026-04-28,2.028337653995258
2026-04-29,2.028337653995258
2026-04-30,2.028337653995258
2026-05-01,2.028337653995258
2026-05-02,1.9111812778804214
2026-05-03,1.9037649729580597
2026-05-04,1.908709176239634
2026-05-05,1.9357721836756205
2026-05-06,1.9517757890344007
2026-05-07,1.902333756218657
2026-05-08,1.9430583779853088
2026-05-09,1.9460509220767885
2026-05-10,2.0148794361808107
2026-05-11,2.020344081913077
2026-05-12,1.967519173167835
2026-05-13,1.954898443738553
2026-05-14,2.030232488476226
2026-05-15,1.9636158547876448
2026-05-16,1.9370732898023508
2026-05-17,1.9214600162815898
2026-05-18,1.9063671852115207
2026-05-19,1.8694157712123858
2026-05-20,1.8767019655220742
2026-05-21,1.8854193765711658
2026-05-22,1.8341557951780003
2026-05-23,1.86620573897521
2026-05-24,1.8561760681406967
2026-05-25,1.855214318882593
2026-05-26,1.8262244483883154
2026-05-27,1.7965476141382497
2026-05-28,1.8075390342308666
2026-05-29,1.8273235903975773
2026-05-30,1.8421620075226104
2026-05-31,1.8314453729323088
